scheme,scheme_id,round,mean_accuracy,std_accuracy,mean_loss,std_loss
no_signature,no_signature,0,0.10148000000000001,0.008546753769706952,2.303154024887085,0.0009541793383369442
no_signature,no_signature,1,0.1679,0.031052375110448484,2.19682869720459,0.06600415580453392
no_signature,no_signature,2,0.46399999999999997,0.019950313280748255,1.5247972985458373,0.04202664467689357
no_signature,no_signature,3,0.55702,0.016465023534753914,1.2715980035018921,0.03543804033922838
no_signature,no_signature,4,0.60518,0.02177813123295937,1.1349460077095033,0.05219596085636182
no_signature,no_signature,5,0.63908,0.013924510763398458,1.0413134970664977,0.0340851240871158
no_signature,no_signature,6,0.6629799999999999,0.014962519841256712,0.9702536025047301,0.03226864519784046
no_signature,no_signature,7,0.68068,0.013437894180265026,0.9307391127395629,0.030936254643761613
no_signature,no_signature,8,0.6950000000000001,0.012781431844672172,0.890573662662506,0.027404213128943325
no_signature,no_signature,9,0.70282,0.008766527248574551,0.8689391333198546,0.027890122591273624
no_signature,no_signature,10,0.70898,0.007952483888697907,0.8508647909164428,0.024152724093094425
no_signature,no_signature,11,0.71526,0.007586039810072193,0.8372333556556703,0.020055372949272423
no_signature,no_signature,12,0.7169399999999999,0.004194997020261129,0.8295369578552247,0.014628178118168253
no_signature,no_signature,13,0.71874,0.006481743592583718,0.8333653215599061,0.01565539594352068
no_signature,no_signature,14,0.7213200000000001,0.008432496664689513,0.8335389023017884,0.018546301450444422
no_signature,no_signature,15,0.7224999999999999,0.0038967935536797244,0.8440315796089173,0.016413177995154835
no_signature,no_signature,16,0.72456,0.0066590539868663125,0.8483701069450378,0.017833131327039977
no_signature,no_signature,17,0.7219,0.005156064390598671,0.864256927242279,0.014092346203958215
no_signature,no_signature,18,0.7213200000000001,0.00582683447508164,0.8854684430694579,0.018114147921940476
no_signature,no_signature,19,0.72302,0.004218649072866801,0.9060259990882873,0.011825141742797902
no_signature,no_signature,20,0.72358,0.005535973265831364,0.9313045400238037,0.01759212408445477
no_signature,no_signature,21,0.72234,0.0066729303907653624,0.9598434121322631,0.02439081901500301
no_signature,no_signature,22,0.7217,0.008589237451601868,0.9918884304237366,0.026020260625534117
no_signature,no_signature,23,0.72224,0.008629774041074333,1.019271540222168,0.03057332909948955
no_signature,no_signature,24,0.72214,0.007592628003530791,1.0593228343391419,0.02652295961617968
no_signature,no_signature,25,0.7220000000000001,0.00835972487585562,1.0840875775146483,0.027695002096786454
no_signature,no_signature,26,0.7231,0.006244597665182237,1.1197685722351074,0.03154511103275731
no_signature,no_signature,27,0.72278,0.007560224864380663,1.170910134830475,0.021313862217958657
no_signature,no_signature,28,0.7228600000000001,0.008106047125448969,1.1794459624099731,0.022892318809151352
no_signature,no_signature,29,0.72348,0.008701551585780551,1.2413600248146057,0.019443843318372105
no_signature,no_signature,30,0.7229,0.009925472280954679,1.2808623349571229,0.02576994235423133
RSA-2048,RSA-2048,0,0.10148000000000001,0.008546753769706952,2.303154024887085,0.0009541793383369442
RSA-2048,RSA-2048,1,0.1679,0.031052375110448484,2.1968286849975587,0.06600416083873879
RSA-2048,RSA-2048,2,0.4617,0.01940270599684485,1.5113713874053956,0.04965354524229027
RSA-2048,RSA-2048,3,0.5567,0.01830628307439826,1.2750553521347046,0.028306104901544813
RSA-2048,RSA-2048,4,0.60622,0.01855578077042299,1.1364665827941896,0.03852284793414088
RSA-2048,RSA-2048,5,0.64068,0.0146423017316268,1.0460066432380675,0.03134709753197272
RSA-2048,RSA-2048,6,0.66548,0.01314104257659945,0.9796887869262696,0.02582754814902217
RSA-2048,RSA-2048,7,0.6841200000000001,0.011350638748546237,0.9244498080635071,0.028258029685805652
RSA-2048,RSA-2048,8,0.69438,0.00735948367754153,0.8913560424423217,0.019899388906656258
RSA-2048,RSA-2048,9,0.70126,0.008872034715892398,0.8693798221969604,0.024262208483543327
RSA-2048,RSA-2048,10,0.7099,0.009620031184980704,0.8493109394454956,0.02063525934271124
RSA-2048,RSA-2048,11,0.71488,0.009660848823990573,0.8392351857566833,0.02217289962643761
RSA-2048,RSA-2048,12,0.7178,0.006060115510450244,0.8368388898277284,0.02221990941209679
RSA-2048,RSA-2048,13,0.71794,0.007554667431462509,0.8368176072502136,0.015971417905235426
RSA-2048,RSA-2048,14,0.72292,0.006227118113541754,0.8331414183235168,0.01802985951872607
RSA-2048,RSA-2048,15,0.7212799999999999,0.006788372411705194,0.845994501838684,0.013075727797529111
RSA-2048,RSA-2048,16,0.7224999999999999,0.004543676925134497,0.851704146080017,0.007065304078897802
RSA-2048,RSA-2048,17,0.72228,0.0070033563382137995,0.8729993124580384,0.01125805517360119
RSA-2048,RSA-2048,18,0.72218,0.00441497451861271,0.8900788648033142,0.011657047707993846
RSA-2048,RSA-2048,19,0.7231,0.006691412406958611,0.9040798704528807,0.008870278099574483
RSA-2048,RSA-2048,20,0.72336,0.005024241236246568,0.927442263355255,0.015512064424061152
RSA-2048,RSA-2048,21,0.7222,0.005758472019555215,0.9581122814559937,0.013786862062085917
RSA-2048,RSA-2048,22,0.72238,0.005595265856060827,0.9794014357185363,0.017384795426131097
RSA-2048,RSA-2048,23,0.72336,0.005662419977359496,1.0120760557556152,0.023810985632409562
RSA-2048,RSA-2048,24,0.72268,0.005192976025363499,1.0380603307151794,0.019277581230710557
RSA-2048,RSA-2048,25,0.72374,0.005160232552899119,1.0741755768966674,0.02461475252293494
RSA-2048,RSA-2048,26,0.72312,0.005370009310978927,1.1095429759025575,0.026588247881561416
RSA-2048,RSA-2048,27,0.72298,0.005840547919502091,1.1620835015678406,0.02230341315104384
RSA-2048,RSA-2048,28,0.72324,0.004683268089699798,1.1826142164993285,0.016440364590344456
RSA-2048,RSA-2048,29,0.7216,0.005173973328110645,1.2175526096725464,0.024448824725283074
RSA-2048,RSA-2048,30,0.72398,0.004739409245887113,1.284920539073944,0.03428445305819796
ECDSA-256,ECDSA-256,0,0.10148000000000001,0.008546753769706952,2.303154024887085,0.0009541793383369442
ECDSA-256,ECDSA-256,1,0.1679,0.031052375110448484,2.1968286923980713,0.06600415724043113
ECDSA-256,ECDSA-256,2,0.4574,0.02562752426591378,1.530234296722412,0.05557585122409377
ECDSA-256,ECDSA-256,3,0.56068,0.014830610236939011,1.2699896561050417,0.0241795072432601
ECDSA-256,ECDSA-256,4,0.6069599999999999,0.019628117586768218,1.1309448159027098,0.04360247205279241
ECDSA-256,ECDSA-256,5,0.64254,0.01537182487540113,1.0354705113983154,0.033811934143551235
ECDSA-256,ECDSA-256,6,0.66602,0.011907434652350642,0.9710991661453245,0.03180811255167302
ECDSA-256,ECDSA-256,7,0.68346,0.009925623406114085,0.9235282590675353,0.027873283661854573
ECDSA-256,ECDSA-256,8,0.6953400000000001,0.009821303375825445,0.8905432692909241,0.027562283791196705
ECDSA-256,ECDSA-256,9,0.7034,0.009638205227115658,0.8690979309272766,0.026888399977539314
ECDSA-256,ECDSA-256,10,0.71268,0.00629221741518838,0.8458908429336548,0.01728987379127562
ECDSA-256,ECDSA-256,11,0.7164200000000001,0.005690079085566346,0.8364824414634704,0.01258374662992128
ECDSA-256,ECDSA-256,12,0.7179599999999999,0.006095736214765182,0.835544332561493,0.023421674395954915
ECDSA-256,ECDSA-256,13,0.7226,0.005248809388804276,0.8286923113059999,0.01767866623097593
ECDSA-256,ECDSA-256,14,0.72224,0.006692010161379003,0.8355570898628235,0.014504053925552658
ECDSA-256,ECDSA-256,15,0.72346,0.003762047314960283,0.8408911209487915,0.014862239178752642
ECDSA-256,ECDSA-256,16,0.72514,0.004897244122973589,0.8530842127037047,0.012530784290334643
ECDSA-256,ECDSA-256,17,0.7229,0.003683748091278823,0.8687575488471986,0.01011026636696383
ECDSA-256,ECDSA-256,18,0.7222999999999999,0.006429230124983882,0.88968943857193,0.014478282688373648
ECDSA-256,ECDSA-256,19,0.72728,0.005186231772684292,0.9064355079269408,0.01498153567691356
ECDSA-256,ECDSA-256,20,0.7230800000000001,0.004685829702411313,0.9383223799705505,0.013469156048586735
ECDSA-256,ECDSA-256,21,0.7237,0.0033889526405661246,0.9570552406883241,0.0053793781183261785
ECDSA-256,ECDSA-256,22,0.7224,0.0032357379374726475,0.9870120886230469,0.01285622937081207
ECDSA-256,ECDSA-256,23,0.72292,0.003225988220685241,1.0121373115348817,0.013461609333190096
ECDSA-256,ECDSA-256,24,0.72306,0.007064559434246393,1.0466474879741667,0.013438992332171553
ECDSA-256,ECDSA-256,25,0.72292,0.004637024908279017,1.086508029794693,0.01690535051220066
ECDSA-256,ECDSA-256,26,0.7223200000000001,0.0036860548015459236,1.118660269088745,0.03108338501954388
ECDSA-256,ECDSA-256,27,0.72332,0.0044734773946003125,1.1583103142547606,0.011365535043409637
ECDSA-256,ECDSA-256,28,0.7235400000000001,0.003691612113968645,1.205560103521347,0.03235590420074599
ECDSA-256,ECDSA-256,29,0.72316,0.003667833147786304,1.2397273836135863,0.029448223987038346
ECDSA-256,ECDSA-256,30,0.72276,0.005025236312851333,1.289509629764557,0.030792387938796677
ML-DSA-44,ML-DSA-44,0,0.10148000000000001,0.008546753769706952,2.303154024887085,0.0009541793383369442
ML-DSA-44,ML-DSA-44,1,0.1679,0.031052375110448484,2.1968286934661867,0.06600415275311586
ML-DSA-44,ML-DSA-44,2,0.45164,0.025496627227929586,1.5473162999343875,0.06728931076554254
ML-DSA-44,ML-DSA-44,3,0.5523,0.02051779715271597,1.2845493581390381,0.03277963423584621
ML-DSA-44,ML-DSA-44,4,0.6028800000000001,0.018978066287164242,1.1432424033355713,0.038677623780337816
ML-DSA-44,ML-DSA-44,5,0.6393,0.015761979571107157,1.0398171481513976,0.03698510153537972
ML-DSA-44,ML-DSA-44,6,0.66284,0.011180697652651181,0.9770516666221617,0.0321966080987708
ML-DSA-44,ML-DSA-44,7,0.6776,0.010903898385439975,0.9336740927124024,0.029662884254649313
ML-DSA-44,ML-DSA-44,8,0.69218,0.010402259369963794,0.894890326385498,0.025083625553097857
ML-DSA-44,ML-DSA-44,9,0.7022999999999999,0.008493821283733341,0.8678151320838928,0.024477057644752373
ML-DSA-44,ML-DSA-44,10,0.7066,0.011717294909662382,0.8539389569282532,0.024768479617968544
ML-DSA-44,ML-DSA-44,11,0.7130799999999999,0.007957512174040374,0.8412371772956849,0.0171213173329541
ML-DSA-44,ML-DSA-44,12,0.7167,0.00671974701904768,0.8321885077476502,0.015841320318230646
ML-DSA-44,ML-DSA-44,13,0.71894,0.006464750575234893,0.8312654816627502,0.015262914873434058
ML-DSA-44,ML-DSA-44,14,0.7198,0.00590381232764051,0.8376422077941894,0.014827957391827093
ML-DSA-44,ML-DSA-44,15,0.72044,0.00659264741966384,0.8449136213684081,0.00735596737039148
ML-DSA-44,ML-DSA-44,16,0.72404,0.009043395380054955,0.8493602770042419,0.011769793276994529
ML-DSA-44,ML-DSA-44,17,0.72192,0.0092696817636853,0.8647819547653197,0.016440856850831485
ML-DSA-44,ML-DSA-44,18,0.72072,0.006562926176638,0.8905544435119628,0.008079211105407751
ML-DSA-44,ML-DSA-44,19,0.71998,0.0067195237926507626,0.9105364575195312,0.02427671519129269
ML-DSA-44,ML-DSA-44,20,0.7186,0.008489994110716437,0.9442744966983796,0.030700702086880156
ML-DSA-44,ML-DSA-44,21,0.71934,0.011424228639168622,0.9560404611396789,0.025835823690963572
ML-DSA-44,ML-DSA-44,22,0.7208399999999999,0.008354818968714988,1.0005492910957337,0.013926447365211165
ML-DSA-44,ML-DSA-44,23,0.72056,0.006029344906372516,1.0360523673439026,0.01666200857046085
ML-DSA-44,ML-DSA-44,24,0.71924,0.008936889839312094,1.0539428275489808,0.016626527509637827
ML-DSA-44,ML-DSA-44,25,0.71858,0.006081282759418448,1.099816298084259,0.03451020596197681
ML-DSA-44,ML-DSA-44,26,0.72166,0.005870519568147268,1.1294649258804321,0.03518040659859849
ML-DSA-44,ML-DSA-44,27,0.72222,0.009532942882447151,1.158690011692047,0.036194051056565854
ML-DSA-44,ML-DSA-44,28,0.7219599999999999,0.006151666440892244,1.2098286322975158,0.03330796681252544
ML-DSA-44,ML-DSA-44,29,0.7200599999999999,0.005060928768516713,1.2612061780357362,0.03448263207859122
ML-DSA-44,ML-DSA-44,30,0.7213200000000001,0.008570414225695317,1.2849124258995057,0.030467947288061292
ML-DSA-65,ML-DSA-65,0,0.10148000000000001,0.008546753769706952,2.303154024887085,0.0009541793383369442
ML-DSA-65,ML-DSA-65,1,0.1679,0.031052375110448484,2.1968286837768556,0.06600415388672506
ML-DSA-65,ML-DSA-65,2,0.45738,0.015375695106238289,1.5447361873245238,0.027826859229836142
ML-DSA-65,ML-DSA-65,3,0.5532199999999999,0.022944432875972344,1.2791279609680175,0.04621786115136692
ML-DSA-65,ML-DSA-65,4,0.60236,0.015890972279882704,1.1434351419258117,0.03197947720241992
ML-DSA-65,ML-DSA-65,5,0.6352800000000001,0.018452425314846827,1.0549503394317628,0.03998944725568867
ML-DSA-65,ML-DSA-65,6,0.66162,0.012369599831845837,0.9799801346969603,0.033427348592497075
ML-DSA-65,ML-DSA-65,7,0.67788,0.011382530474371669,0.9303448573303224,0.028867084651421612
ML-DSA-65,ML-DSA-65,8,0.69294,0.0074211185140786486,0.8961422979354857,0.020809982909315305
ML-DSA-65,ML-DSA-65,9,0.7022999999999999,0.00720451247483131,0.8705849916458129,0.02079900205017046
ML-DSA-65,ML-DSA-65,10,0.70862,0.00701619555029649,0.8525756632232666,0.023092337414137177
ML-DSA-65,ML-DSA-65,11,0.71322,0.009152977657571296,0.8405730161094667,0.0220410821604488
ML-DSA-65,ML-DSA-65,12,0.71778,0.006377852303087644,0.8310404697036743,0.02014999167344536
ML-DSA-65,ML-DSA-65,13,0.72014,0.009086968691483448,0.8286970865821839,0.02753178369773736
ML-DSA-65,ML-DSA-65,14,0.72054,0.007893858372177692,0.8349672078895569,0.022191325440098983
ML-DSA-65,ML-DSA-65,15,0.7224,0.007033135858207228,0.8403461386299134,0.01940237912006214
ML-DSA-65,ML-DSA-65,16,0.72038,0.008859006716331124,0.8514383086967469,0.023075900842638712
ML-DSA-65,ML-DSA-65,17,0.7214400000000001,0.006393981545171985,0.867201035900116,0.020084954973950277
ML-DSA-65,ML-DSA-65,18,0.7197600000000001,0.00733300756852196,0.8825396542549132,0.02148403593617998
ML-DSA-65,ML-DSA-65,19,0.7196,0.004635191473930681,0.9014568723869324,0.014514221335002703
ML-DSA-65,ML-DSA-65,20,0.72078,0.007741898991849464,0.924094585609436,0.018242425872914775
ML-DSA-65,ML-DSA-65,21,0.72206,0.0073261859108270065,0.9508640964603424,0.016701651969421534
ML-DSA-65,ML-DSA-65,22,0.72134,0.00569543676990625,0.9815854691314696,0.0119956119478639
ML-DSA-65,ML-DSA-65,23,0.7215,0.006198790204547994,1.0065079394340515,0.022319525504539063
ML-DSA-65,ML-DSA-65,24,0.72192,0.0059726041221564155,1.0355510110092163,0.014261999647288331
ML-DSA-65,ML-DSA-65,25,0.72412,0.006537736611396912,1.0852631972122193,0.026927142178282217
ML-DSA-65,ML-DSA-65,26,0.72238,0.008356554313830573,1.1195792553138735,0.027365631991714108
ML-DSA-65,ML-DSA-65,27,0.72188,0.006169035581028888,1.1501625329971312,0.026412442142932993
ML-DSA-65,ML-DSA-65,28,0.7227,0.007585512507405137,1.1964505077171323,0.032430324223637834
ML-DSA-65,ML-DSA-65,29,0.7231799999999999,0.005029115230336274,1.2367612703132629,0.030568372923997424
ML-DSA-65,ML-DSA-65,30,0.72276,0.004052530073916764,1.2668390257835387,0.03455261787151018
ML-DSA-87,ML-DSA-87,0,0.10148000000000001,0.008546753769706952,2.303154024887085,0.0009541793383369442
ML-DSA-87,ML-DSA-87,1,0.1679,0.031052375110448484,2.196828687362671,0.06600415688919231
ML-DSA-87,ML-DSA-87,2,0.46146000000000004,0.009058035107019614,1.5191232975006104,0.029836328705084496
ML-DSA-87,ML-DSA-87,3,0.55386,0.01971301600466046,1.284053000831604,0.03673257225348943
ML-DSA-87,ML-DSA-87,4,0.6046199999999999,0.019575673679339885,1.1366830881500243,0.04333649613350647
ML-DSA-87,ML-DSA-87,5,0.63684,0.012533076238497884,1.0455645051956177,0.027806557954447086
ML-DSA-87,ML-DSA-87,6,0.66376,0.008547397264664835,0.9786493791198729,0.02572660518690744
ML-DSA-87,ML-DSA-87,7,0.6813800000000001,0.00995273831666443,0.9268318767166137,0.02291106849413992
ML-DSA-87,ML-DSA-87,8,0.69032,0.010734849789354323,0.8968161140823364,0.023632531858466387
ML-DSA-87,ML-DSA-87,9,0.70384,0.008744026532439133,0.8640841293907165,0.02731537050166282
ML-DSA-87,ML-DSA-87,10,0.70814,0.00661120261374584,0.8532105124282836,0.022286352502715472
ML-DSA-87,ML-DSA-87,11,0.71346,0.007208883408684058,0.8413215118789672,0.02266297924523925
ML-DSA-87,ML-DSA-87,12,0.71896,0.00768166648586104,0.8345120784187318,0.021282437845897628
ML-DSA-87,ML-DSA-87,13,0.72194,0.006273993943254964,0.8283152241134644,0.01857010729272275
ML-DSA-87,ML-DSA-87,14,0.7205999999999999,0.008477027781009136,0.8363442638587951,0.02010039693286658
ML-DSA-87,ML-DSA-87,15,0.7235199999999999,0.006476264355320902,0.8362583759307862,0.014522357417851593
ML-DSA-87,ML-DSA-87,16,0.7236800000000001,0.007575750787875743,0.8517893008041382,0.018324308966611365
ML-DSA-87,ML-DSA-87,17,0.72276,0.006378322663522059,0.8661193205070494,0.019756730666181728
ML-DSA-87,ML-DSA-87,18,0.72086,0.007345951265833386,0.8914536757850648,0.026304652597077226
ML-DSA-87,ML-DSA-87,19,0.7228800000000001,0.007063072985606202,0.9092342497062683,0.020895363395061935
ML-DSA-87,ML-DSA-87,20,0.72456,0.004869599572860176,0.9314279829788209,0.02163368302820891
ML-DSA-87,ML-DSA-87,21,0.7222799999999999,0.005903134760447189,0.9582384976387024,0.02208822080029009
ML-DSA-87,ML-DSA-87,22,0.7219599999999999,0.005548693539924515,0.9995133104324342,0.02946187237891496
ML-DSA-87,ML-DSA-87,23,0.72272,0.00784263986167922,1.0160891781044008,0.025654446795724206
ML-DSA-87,ML-DSA-87,24,0.72266,0.009197173478846634,1.0544460035514833,0.03113120085414092
ML-DSA-87,ML-DSA-87,25,0.72,0.007910436144739427,1.0981408852767944,0.03998396084089099
ML-DSA-87,ML-DSA-87,26,0.7192999999999999,0.008390470785361261,1.128968586177826,0.02998867933091347
ML-DSA-87,ML-DSA-87,27,0.7213,0.008952373986826107,1.1624619828033447,0.03896985222587992
ML-DSA-87,ML-DSA-87,28,0.72226,0.007765500627776706,1.2064029259490965,0.02303107891025285
ML-DSA-87,ML-DSA-87,29,0.71894,0.007309103912245319,1.238546250152588,0.027897652225693542
ML-DSA-87,ML-DSA-87,30,0.72206,0.008654651928298498,1.2807466989707947,0.045833827762267056
Falcon-padded-512,Falcon-padded-512,0,0.10148000000000001,0.008546753769706952,2.303154024887085,0.0009541793383369442
Falcon-padded-512,Falcon-padded-512,1,0.1679,0.031052375110448484,2.1968286923217777,0.06600415098738348
Falcon-padded-512,Falcon-padded-512,2,0.45881999999999995,0.02510412316732054,1.5214337514495848,0.05444134611864139
Falcon-padded-512,Falcon-padded-512,3,0.5510400000000001,0.02178802423350954,1.288284015197754,0.042230079966175844
Falcon-padded-512,Falcon-padded-512,4,0.60512,0.013942632463060899,1.1388576596069335,0.026344895369331402
Falcon-padded-512,Falcon-padded-512,5,0.6422800000000001,0.012465432202695557,1.0351016160774231,0.029818545594433993
Falcon-padded-512,Falcon-padded-512,6,0.66206,0.014191123986492405,0.9791247700119019,0.03448017938093404
Falcon-padded-512,Falcon-padded-512,7,0.68042,0.011221720010764833,0.9238346665573121,0.027514913165478033
Falcon-padded-512,Falcon-padded-512,8,0.6928799999999999,0.011129779872036982,0.8956781159019471,0.025545010592486456
Falcon-padded-512,Falcon-padded-512,9,0.70102,0.010604338734687802,0.8719441071891785,0.02493368264096208
Falcon-padded-512,Falcon-padded-512,10,0.7077199999999999,0.013040207053570892,0.855558462791443,0.0326780165274794
Falcon-padded-512,Falcon-padded-512,11,0.7134400000000001,0.008970395754926343,0.8438083866691588,0.022713779985915807
Falcon-padded-512,Falcon-padded-512,12,0.71746,0.008422173116245003,0.8317038642120362,0.019708084419523958
Falcon-padded-512,Falcon-padded-512,13,0.72026,0.009485409848815195,0.8307576529121399,0.02105637298206141
Falcon-padded-512,Falcon-padded-512,14,0.72088,0.006062755149270014,0.8364305980682373,0.01885474090270395
Falcon-padded-512,Falcon-padded-512,15,0.72166,0.008013613417179495,0.8381953649902345,0.02317328669637071
Falcon-padded-512,Falcon-padded-512,16,0.72256,0.00414161804129741,0.8539735812568665,0.018696315036108548
Falcon-padded-512,Falcon-padded-512,17,0.7236,0.007452516353554687,0.8598804587173461,0.013778350014402859
Falcon-padded-512,Falcon-padded-512,18,0.7243999999999999,0.004341082814229647,0.8813955141258241,0.012782345110070337
Falcon-padded-512,Falcon-padded-512,19,0.72304,0.007196387982870346,0.9042551950645447,0.013447040225837504
Falcon-padded-512,Falcon-padded-512,20,0.72226,0.004383263624287268,0.9356098063850403,0.012255776102300863
Falcon-padded-512,Falcon-padded-512,21,0.72176,0.006113754983641354,0.9622484509658813,0.027756330895194366
Falcon-padded-512,Falcon-padded-512,22,0.72334,0.007054643860607016,0.9755872509574891,0.01506333903295565
Falcon-padded-512,Falcon-padded-512,23,0.7221599999999999,0.004882929448599505,1.0278575680732727,0.01247915659331114
Falcon-padded-512,Falcon-padded-512,24,0.7247399999999999,0.008091847749432817,1.057473545360565,0.030735837044876955
Falcon-padded-512,Falcon-padded-512,25,0.72436,0.00582348692794961,1.07457966337204,0.016993007070283363
Falcon-padded-512,Falcon-padded-512,26,0.72262,0.0036155220923125603,1.1314655588340758,0.012846165320850573
Falcon-padded-512,Falcon-padded-512,27,0.7242200000000001,0.00528838349592764,1.1695419261169433,0.022510413362017624
Falcon-padded-512,Falcon-padded-512,28,0.7212799999999999,0.004205591516065209,1.185451417427063,0.020363086652493576
Falcon-padded-512,Falcon-padded-512,29,0.72426,0.004924733495327469,1.2507384579849243,0.032432051842807334
Falcon-padded-512,Falcon-padded-512,30,0.72472,0.004228711387645237,1.2787240127944945,0.024231056371006334
SLH-DSA-SHA2-128s,SLH_DSA_PURE_SHA2_128S,0,0.10148000000000001,0.008546753769706952,2.303154024887085,0.0009541793383369442
SLH-DSA-SHA2-128s,SLH_DSA_PURE_SHA2_128S,1,0.1679,0.031052375110448484,2.1968286934661867,0.06600414417623324
SLH-DSA-SHA2-128s,SLH_DSA_PURE_SHA2_128S,2,0.46296,0.021647817441950105,1.5276182637023925,0.04236509082720868
SLH-DSA-SHA2-128s,SLH_DSA_PURE_SHA2_128S,3,0.55232,0.019397345179173384,1.2866904285049439,0.04161328321097259
SLH-DSA-SHA2-128s,SLH_DSA_PURE_SHA2_128S,4,0.60556,0.014998099879651415,1.1364858456039428,0.03188348223324311
SLH-DSA-SHA2-128s,SLH_DSA_PURE_SHA2_128S,5,0.64162,0.01041762928885451,1.0336239534759522,0.032052711576095724
SLH-DSA-SHA2-128s,SLH_DSA_PURE_SHA2_128S,6,0.6626,0.01120245508805996,0.9782110791015626,0.027801216612441074
SLH-DSA-SHA2-128s,SLH_DSA_PURE_SHA2_128S,7,0.67994,0.013920057471145707,0.9302644920921326,0.029732951774430735
SLH-DSA-SHA2-128s,SLH_DSA_PURE_SHA2_128S,8,0.69424,0.00811098021203355,0.890432806110382,0.023640989668717236
SLH-DSA-SHA2-128s,SLH_DSA_PURE_SHA2_128S,9,0.70312,0.007981040032476986,0.866394954624176,0.023335517168649025
SLH-DSA-SHA2-128s,SLH_DSA_PURE_SHA2_128S,10,0.71106,0.009961074239257553,0.8476258463478089,0.02347149886345264
SLH-DSA-SHA2-128s,SLH_DSA_PURE_SHA2_128S,11,0.71514,0.008118990084979787,0.8387224596214296,0.019001877249313442
SLH-DSA-SHA2-128s,SLH_DSA_PURE_SHA2_128S,12,0.71634,0.008118374221480552,0.8331955064392089,0.021930865063865254
SLH-DSA-SHA2-128s,SLH_DSA_PURE_SHA2_128S,13,0.72204,0.009322177857131842,0.8287550593566895,0.017224581642422167
SLH-DSA-SHA2-128s,SLH_DSA_PURE_SHA2_128S,14,0.71876,0.006219565901250657,0.8367661756324768,0.01792242058034055
SLH-DSA-SHA2-128s,SLH_DSA_PURE_SHA2_128S,15,0.72266,0.007584721484669022,0.8367761036491395,0.01764779595540718
SLH-DSA-SHA2-128s,SLH_DSA_PURE_SHA2_128S,16,0.72206,0.005416917942889694,0.8467600967216491,0.009576887777894349
SLH-DSA-SHA2-128s,SLH_DSA_PURE_SHA2_128S,17,0.72472,0.004680491427190131,0.8592065871047974,0.009333156904685695
SLH-DSA-SHA2-128s,SLH_DSA_PURE_SHA2_128S,18,0.7220799999999999,0.006475492259280316,0.8831116636657714,0.010755633598740353
SLH-DSA-SHA2-128s,SLH_DSA_PURE_SHA2_128S,19,0.72234,0.008941084945352,0.9021909177398681,0.013631982050174114
SLH-DSA-SHA2-128s,SLH_DSA_PURE_SHA2_128S,20,0.7247600000000001,0.0061084367885736734,0.9169832477760315,0.009559101349316937
SLH-DSA-SHA2-128s,SLH_DSA_PURE_SHA2_128S,21,0.72478,0.0062786941317442575,0.9442018330764771,0.012613438006031673
SLH-DSA-SHA2-128s,SLH_DSA_PURE_SHA2_128S,22,0.72382,0.00578938684145394,0.9779908534049989,0.008136934665740845
SLH-DSA-SHA2-128s,SLH_DSA_PURE_SHA2_128S,23,0.7221,0.003845126785946037,0.9981230928993226,0.009905562063617075
SLH-DSA-SHA2-128s,SLH_DSA_PURE_SHA2_128S,24,0.7228600000000001,0.0063042049459071225,1.0293052450180054,0.018777155812057748
SLH-DSA-SHA2-128s,SLH_DSA_PURE_SHA2_128S,25,0.72238,0.0048812908128895655,1.0630617130851747,0.030395278734521164
SLH-DSA-SHA2-128s,SLH_DSA_PURE_SHA2_128S,26,0.72348,0.00518382098456341,1.1028320882892608,0.012673083552609194
SLH-DSA-SHA2-128s,SLH_DSA_PURE_SHA2_128S,27,0.72206,0.005365444995524562,1.1331177313804628,0.016922559938373157
SLH-DSA-SHA2-128s,SLH_DSA_PURE_SHA2_128S,28,0.72202,0.004841177542705825,1.1707276377677918,0.009606716957548198
SLH-DSA-SHA2-128s,SLH_DSA_PURE_SHA2_128S,29,0.7232999999999999,0.006994283380018268,1.222666768503189,0.013805050124053888
SLH-DSA-SHA2-128s,SLH_DSA_PURE_SHA2_128S,30,0.72216,0.0032989392234474037,1.2479133964538573,0.024429945791329497
