run,round,node_id,scheme,keygen_time,sign_time,verify_time,train_time,train_loss,payload_size,sig_size,pubkey_size,verified
1,1,13639717002839879987,no_signature,0.0,0.0,0.0,21.724903395981528,2.2993007886904877,0.0,0.0,0.0,True
1,1,15874677889789424619,no_signature,0.0,0.0,0.0,21.837861665990204,2.274263329018419,0.0,0.0,0.0,True
1,1,8687429005174355783,no_signature,0.0,0.0,0.0,21.825772820971906,nan,0.0,0.0,0.0,True
1,1,846906171529753196,no_signature,0.0,0.0,0.0,21.859831087989733,2.102323903824194,0.0,0.0,0.0,True
1,1,4553097860890234428,no_signature,0.0,0.0,0.0,10.650442410027608,2.1368208914138256,0.0,0.0,0.0,True
1,2,13639717002839879987,no_signature,0.0,0.0,0.0,22.34474421106279,nan,0.0,0.0,0.0,True
1,2,15874677889789424619,no_signature,0.0,0.0,0.0,22.26791828800924,nan,0.0,0.0,0.0,True
1,2,8687429005174355783,no_signature,0.0,0.0,0.0,22.463271181914024,nan,0.0,0.0,0.0,True
1,2,846906171529753196,no_signature,0.0,0.0,0.0,22.488683500909247,nan,0.0,0.0,0.0,True
1,2,4553097860890234428,no_signature,0.0,0.0,0.0,10.474557473091409,nan,0.0,0.0,0.0,True
1,3,8687429005174355783,no_signature,0.0,0.0,0.0,22.018140311003663,nan,0.0,0.0,0.0,True
1,3,846906171529753196,no_signature,0.0,0.0,0.0,22.03992111806292,nan,0.0,0.0,0.0,True
1,3,15874677889789424619,no_signature,0.0,0.0,0.0,22.26878379296977,nan,0.0,0.0,0.0,True
1,3,13639717002839879987,no_signature,0.0,0.0,0.0,22.295676422072574,nan,0.0,0.0,0.0,True
1,3,4553097860890234428,no_signature,0.0,0.0,0.0,10.478856810019352,nan,0.0,0.0,0.0,True
1,4,846906171529753196,no_signature,0.0,0.0,0.0,21.47884020197671,nan,0.0,0.0,0.0,True
1,4,13639717002839879987,no_signature,0.0,0.0,0.0,21.560144689981826,nan,0.0,0.0,0.0,True
1,4,15874677889789424619,no_signature,0.0,0.0,0.0,21.770712801953778,nan,0.0,0.0,0.0,True
1,4,8687429005174355783,no_signature,0.0,0.0,0.0,21.735018951934762,nan,0.0,0.0,0.0,True
1,4,4553097860890234428,no_signature,0.0,0.0,0.0,10.896488509024493,nan,0.0,0.0,0.0,True
1,5,13639717002839879987,no_signature,0.0,0.0,0.0,22.111676799017005,nan,0.0,0.0,0.0,True
1,5,8687429005174355783,no_signature,0.0,0.0,0.0,22.354393837042153,nan,0.0,0.0,0.0,True
1,5,846906171529753196,no_signature,0.0,0.0,0.0,22.321627826080658,nan,0.0,0.0,0.0,True
1,5,15874677889789424619,no_signature,0.0,0.0,0.0,22.407391596003436,nan,0.0,0.0,0.0,True
1,5,4553097860890234428,no_signature,0.0,0.0,0.0,10.484507758985274,nan,0.0,0.0,0.0,True
1,6,8687429005174355783,no_signature,0.0,0.0,0.0,22.856951661990024,nan,0.0,0.0,0.0,True
1,6,846906171529753196,no_signature,0.0,0.0,0.0,22.970826743054204,nan,0.0,0.0,0.0,True
1,6,15874677889789424619,no_signature,0.0,0.0,0.0,23.233938048942946,nan,0.0,0.0,0.0,True
1,6,13639717002839879987,no_signature,0.0,0.0,0.0,23.46486740198452,nan,0.0,0.0,0.0,True
1,6,4553097860890234428,no_signature,0.0,0.0,0.0,10.500449373968877,nan,0.0,0.0,0.0,True
1,7,846906171529753196,no_signature,0.0,0.0,0.0,21.958526666043326,nan,0.0,0.0,0.0,True
1,7,8687429005174355783,no_signature,0.0,0.0,0.0,22.22290609497577,nan,0.0,0.0,0.0,True
1,7,13639717002839879987,no_signature,0.0,0.0,0.0,22.340883516939357,nan,0.0,0.0,0.0,True
1,7,15874677889789424619,no_signature,0.0,0.0,0.0,22.341960350982845,nan,0.0,0.0,0.0,True
1,7,4553097860890234428,no_signature,0.0,0.0,0.0,10.652171336929314,nan,0.0,0.0,0.0,True
1,8,8687429005174355783,no_signature,0.0,0.0,0.0,21.844074319000356,nan,0.0,0.0,0.0,True
1,8,13639717002839879987,no_signature,0.0,0.0,0.0,22.26859379198868,nan,0.0,0.0,0.0,True
1,8,846906171529753196,no_signature,0.0,0.0,0.0,22.38857488404028,nan,0.0,0.0,0.0,True
1,8,15874677889789424619,no_signature,0.0,0.0,0.0,22.483665460022166,nan,0.0,0.0,0.0,True
1,8,4553097860890234428,no_signature,0.0,0.0,0.0,10.582965019973926,nan,0.0,0.0,0.0,True
1,9,8687429005174355783,no_signature,0.0,0.0,0.0,22.262164467014372,nan,0.0,0.0,0.0,True
1,9,13639717002839879987,no_signature,0.0,0.0,0.0,22.548838563030586,nan,0.0,0.0,0.0,True
1,9,846906171529753196,no_signature,0.0,0.0,0.0,22.63805345701985,nan,0.0,0.0,0.0,True
1,9,15874677889789424619,no_signature,0.0,0.0,0.0,22.922140583046712,nan,0.0,0.0,0.0,True
1,9,4553097860890234428,no_signature,0.0,0.0,0.0,10.69809661002364,nan,0.0,0.0,0.0,True
1,10,8687429005174355783,no_signature,0.0,0.0,0.0,22.145327078993432,nan,0.0,0.0,0.0,True
1,10,13639717002839879987,no_signature,0.0,0.0,0.0,22.304747367976233,nan,0.0,0.0,0.0,True
1,10,15874677889789424619,no_signature,0.0,0.0,0.0,22.64005323802121,nan,0.0,0.0,0.0,True
1,10,846906171529753196,no_signature,0.0,0.0,0.0,22.772832566988654,nan,0.0,0.0,0.0,True
1,10,4553097860890234428,no_signature,0.0,0.0,0.0,10.47842561302241,nan,0.0,0.0,0.0,True
1,11,8687429005174355783,no_signature,0.0,0.0,0.0,21.209624461014755,nan,0.0,0.0,0.0,True
1,11,846906171529753196,no_signature,0.0,0.0,0.0,21.32243322802242,nan,0.0,0.0,0.0,True
1,11,15874677889789424619,no_signature,0.0,0.0,0.0,21.353213659953326,nan,0.0,0.0,0.0,True
1,11,13639717002839879987,no_signature,0.0,0.0,0.0,21.691497753025033,nan,0.0,0.0,0.0,True
1,11,4553097860890234428,no_signature,0.0,0.0,0.0,10.473093486973085,nan,0.0,0.0,0.0,True
1,12,8687429005174355783,no_signature,0.0,0.0,0.0,22.537877743015997,nan,0.0,0.0,0.0,True
1,12,15874677889789424619,no_signature,0.0,0.0,0.0,22.73524798604194,nan,0.0,0.0,0.0,True
1,12,13639717002839879987,no_signature,0.0,0.0,0.0,22.764270610990934,nan,0.0,0.0,0.0,True
1,12,846906171529753196,no_signature,0.0,0.0,0.0,23.087796467007138,nan,0.0,0.0,0.0,True
1,12,4553097860890234428,no_signature,0.0,0.0,0.0,13.848113025072962,nan,0.0,0.0,0.0,True
1,13,846906171529753196,no_signature,0.0,0.0,0.0,22.908897971967235,nan,0.0,0.0,0.0,True
1,13,13639717002839879987,no_signature,0.0,0.0,0.0,23.203213542932644,nan,0.0,0.0,0.0,True
1,13,15874677889789424619,no_signature,0.0,0.0,0.0,23.557587945018895,nan,0.0,0.0,0.0,True
1,13,8687429005174355783,no_signature,0.0,0.0,0.0,23.56519085902255,nan,0.0,0.0,0.0,True
1,13,4553097860890234428,no_signature,0.0,0.0,0.0,11.331808582996018,nan,0.0,0.0,0.0,True
1,14,13639717002839879987,no_signature,0.0,0.0,0.0,26.372210036031902,nan,0.0,0.0,0.0,True
1,14,8687429005174355783,no_signature,0.0,0.0,0.0,26.625369563000277,nan,0.0,0.0,0.0,True
1,14,846906171529753196,no_signature,0.0,0.0,0.0,26.887263054028153,nan,0.0,0.0,0.0,True
1,14,15874677889789424619,no_signature,0.0,0.0,0.0,26.985510703991167,nan,0.0,0.0,0.0,True
1,14,4553097860890234428,no_signature,0.0,0.0,0.0,13.209077980020083,nan,0.0,0.0,0.0,True
1,15,8687429005174355783,no_signature,0.0,0.0,0.0,27.29465957300272,nan,0.0,0.0,0.0,True
1,15,846906171529753196,no_signature,0.0,0.0,0.0,28.378590394975618,nan,0.0,0.0,0.0,True
1,15,15874677889789424619,no_signature,0.0,0.0,0.0,29.16725794703234,nan,0.0,0.0,0.0,True
1,15,13639717002839879987,no_signature,0.0,0.0,0.0,29.466575835016556,nan,0.0,0.0,0.0,True
1,15,4553097860890234428,no_signature,0.0,0.0,0.0,12.04587890196126,nan,0.0,0.0,0.0,True
1,16,8687429005174355783,no_signature,0.0,0.0,0.0,25.33175836794544,nan,0.0,0.0,0.0,True
1,16,846906171529753196,no_signature,0.0,0.0,0.0,25.295600073994137,nan,0.0,0.0,0.0,True
1,16,13639717002839879987,no_signature,0.0,0.0,0.0,25.576075532007962,nan,0.0,0.0,0.0,True
1,16,15874677889789424619,no_signature,0.0,0.0,0.0,26.0543535950128,nan,0.0,0.0,0.0,True
1,16,4553097860890234428,no_signature,0.0,0.0,0.0,11.520231276052073,nan,0.0,0.0,0.0,True
1,17,846906171529753196,no_signature,0.0,0.0,0.0,24.786118688993156,nan,0.0,0.0,0.0,True
1,17,8687429005174355783,no_signature,0.0,0.0,0.0,25.661172653897665,nan,0.0,0.0,0.0,True
1,17,13639717002839879987,no_signature,0.0,0.0,0.0,25.690546944970265,nan,0.0,0.0,0.0,True
1,17,15874677889789424619,no_signature,0.0,0.0,0.0,26.119807022972964,nan,0.0,0.0,0.0,True
1,17,4553097860890234428,no_signature,0.0,0.0,0.0,11.341126232990064,nan,0.0,0.0,0.0,True
1,18,8687429005174355783,no_signature,0.0,0.0,0.0,23.707497515017167,nan,0.0,0.0,0.0,True
1,18,846906171529753196,no_signature,0.0,0.0,0.0,23.878836794989184,nan,0.0,0.0,0.0,True
1,18,13639717002839879987,no_signature,0.0,0.0,0.0,24.107910564984195,nan,0.0,0.0,0.0,True
1,18,15874677889789424619,no_signature,0.0,0.0,0.0,24.217291684937663,nan,0.0,0.0,0.0,True
1,18,4553097860890234428,no_signature,0.0,0.0,0.0,10.642911614966579,nan,0.0,0.0,0.0,True
1,19,15874677889789424619,no_signature,0.0,0.0,0.0,21.758491606917232,nan,0.0,0.0,0.0,True
1,19,8687429005174355783,no_signature,0.0,0.0,0.0,22.124778378987685,nan,0.0,0.0,0.0,True
1,19,846906171529753196,no_signature,0.0,0.0,0.0,22.113006498897448,nan,0.0,0.0,0.0,True
1,19,13639717002839879987,no_signature,0.0,0.0,0.0,22.226202933932655,nan,0.0,0.0,0.0,True
1,19,4553097860890234428,no_signature,0.0,0.0,0.0,10.654696831014007,nan,0.0,0.0,0.0,True
1,20,15874677889789424619,no_signature,0.0,0.0,0.0,21.975368289044127,nan,0.0,0.0,0.0,True
1,20,846906171529753196,no_signature,0.0,0.0,0.0,22.171839805901982,nan,0.0,0.0,0.0,True
1,20,8687429005174355783,no_signature,0.0,0.0,0.0,22.211022344999947,nan,0.0,0.0,0.0,True
1,20,13639717002839879987,no_signature,0.0,0.0,0.0,22.189722170005552,nan,0.0,0.0,0.0,True
1,20,4553097860890234428,no_signature,0.0,0.0,0.0,10.548002896015532,nan,0.0,0.0,0.0,True
1,21,8687429005174355783,no_signature,0.0,0.0,0.0,21.87962935504038,nan,0.0,0.0,0.0,True
1,21,13639717002839879987,no_signature,0.0,0.0,0.0,21.965947212069295,nan,0.0,0.0,0.0,True
1,21,846906171529753196,no_signature,0.0,0.0,0.0,22.005476629943587,nan,0.0,0.0,0.0,True
1,21,15874677889789424619,no_signature,0.0,0.0,0.0,22.194071601959877,nan,0.0,0.0,0.0,True
1,21,4553097860890234428,no_signature,0.0,0.0,0.0,10.629306505899876,nan,0.0,0.0,0.0,True
1,22,8687429005174355783,no_signature,0.0,0.0,0.0,22.17706343194004,nan,0.0,0.0,0.0,True
1,22,846906171529753196,no_signature,0.0,0.0,0.0,22.400807888014242,nan,0.0,0.0,0.0,True
1,22,13639717002839879987,no_signature,0.0,0.0,0.0,22.334000432980247,nan,0.0,0.0,0.0,True
1,22,15874677889789424619,no_signature,0.0,0.0,0.0,22.447283301036805,nan,0.0,0.0,0.0,True
1,22,4553097860890234428,no_signature,0.0,0.0,0.0,10.824444732046686,nan,0.0,0.0,0.0,True
1,23,13639717002839879987,no_signature,0.0,0.0,0.0,22.79129666998051,nan,0.0,0.0,0.0,True
1,23,8687429005174355783,no_signature,0.0,0.0,0.0,22.959801411954686,nan,0.0,0.0,0.0,True
1,23,846906171529753196,no_signature,0.0,0.0,0.0,22.889281210955232,nan,0.0,0.0,0.0,True
1,23,15874677889789424619,no_signature,0.0,0.0,0.0,23.03537930501625,nan,0.0,0.0,0.0,True
1,23,4553097860890234428,no_signature,0.0,0.0,0.0,10.631468528998084,nan,0.0,0.0,0.0,True
1,24,8687429005174355783,no_signature,0.0,0.0,0.0,22.59260317508597,nan,0.0,0.0,0.0,True
1,24,846906171529753196,no_signature,0.0,0.0,0.0,22.737296154955402,nan,0.0,0.0,0.0,True
1,24,13639717002839879987,no_signature,0.0,0.0,0.0,22.866192530025728,nan,0.0,0.0,0.0,True
1,24,15874677889789424619,no_signature,0.0,0.0,0.0,22.918967694975436,nan,0.0,0.0,0.0,True
1,24,4553097860890234428,no_signature,0.0,0.0,0.0,10.700925039011054,nan,0.0,0.0,0.0,True
1,25,846906171529753196,no_signature,0.0,0.0,0.0,21.845082310959697,nan,0.0,0.0,0.0,True
1,25,13639717002839879987,no_signature,0.0,0.0,0.0,22.273183476994745,nan,0.0,0.0,0.0,True
1,25,15874677889789424619,no_signature,0.0,0.0,0.0,22.4310820850078,nan,0.0,0.0,0.0,True
1,25,8687429005174355783,no_signature,0.0,0.0,0.0,22.4050395389786,nan,0.0,0.0,0.0,True
1,25,4553097860890234428,no_signature,0.0,0.0,0.0,10.473538947990164,nan,0.0,0.0,0.0,True
1,26,15874677889789424619,no_signature,0.0,0.0,0.0,22.012524918070994,nan,0.0,0.0,0.0,True
1,26,846906171529753196,no_signature,0.0,0.0,0.0,22.27484271908179,nan,0.0,0.0,0.0,True
1,26,13639717002839879987,no_signature,0.0,0.0,0.0,22.50076323002577,nan,0.0,0.0,0.0,True
1,26,8687429005174355783,no_signature,0.0,0.0,0.0,22.43538840895053,nan,0.0,0.0,0.0,True
1,26,4553097860890234428,no_signature,0.0,0.0,0.0,10.572593739023432,nan,0.0,0.0,0.0,True
1,27,15874677889789424619,no_signature,0.0,0.0,0.0,22.079186162911355,nan,0.0,0.0,0.0,True
1,27,846906171529753196,no_signature,0.0,0.0,0.0,22.077569782035425,nan,0.0,0.0,0.0,True
1,27,8687429005174355783,no_signature,0.0,0.0,0.0,22.321663812035695,nan,0.0,0.0,0.0,True
1,27,13639717002839879987,no_signature,0.0,0.0,0.0,22.390752890030853,nan,0.0,0.0,0.0,True
1,27,4553097860890234428,no_signature,0.0,0.0,0.0,10.470444392063655,nan,0.0,0.0,0.0,True
1,28,846906171529753196,no_signature,0.0,0.0,0.0,21.509533698903397,nan,0.0,0.0,0.0,True
1,28,13639717002839879987,no_signature,0.0,0.0,0.0,21.680870192940347,nan,0.0,0.0,0.0,True
1,28,8687429005174355783,no_signature,0.0,0.0,0.0,21.893351344042458,nan,0.0,0.0,0.0,True
1,28,15874677889789424619,no_signature,0.0,0.0,0.0,22.1009794290876,nan,0.0,0.0,0.0,True
1,28,4553097860890234428,no_signature,0.0,0.0,0.0,10.50551359099336,nan,0.0,0.0,0.0,True
1,29,13639717002839879987,no_signature,0.0,0.0,0.0,22.137072116020136,nan,0.0,0.0,0.0,True
1,29,846906171529753196,no_signature,0.0,0.0,0.0,22.4233305020025,nan,0.0,0.0,0.0,True
1,29,15874677889789424619,no_signature,0.0,0.0,0.0,22.35257308196742,nan,0.0,0.0,0.0,True
1,29,8687429005174355783,no_signature,0.0,0.0,0.0,22.473773066070862,nan,0.0,0.0,0.0,True
1,29,4553097860890234428,no_signature,0.0,0.0,0.0,10.910033293999732,nan,0.0,0.0,0.0,True
1,30,846906171529753196,no_signature,0.0,0.0,0.0,22.452692087972537,nan,0.0,0.0,0.0,True
1,30,13639717002839879987,no_signature,0.0,0.0,0.0,22.76851596799679,nan,0.0,0.0,0.0,True
1,30,8687429005174355783,no_signature,0.0,0.0,0.0,22.831747467047535,nan,0.0,0.0,0.0,True
1,30,15874677889789424619,no_signature,0.0,0.0,0.0,22.931489621987566,nan,0.0,0.0,0.0,True
1,30,4553097860890234428,no_signature,0.0,0.0,0.0,10.712754351901822,nan,0.0,0.0,0.0,True
2,1,13711476131732426193,no_signature,0.0,0.0,0.0,22.29012024810072,2.135188960038816,0.0,0.0,0.0,True
2,1,18416660215689114662,no_signature,0.0,0.0,0.0,22.1938221299788,2.1336967701348253,0.0,0.0,0.0,True
2,1,3619899988265571012,no_signature,0.0,0.0,0.0,22.329940419993363,2.1543301865696525,0.0,0.0,0.0,True
2,1,1424072402190973300,no_signature,0.0,0.0,0.0,22.32574406696949,2.2653637770265815,0.0,0.0,0.0,True
2,1,3095182365802035723,no_signature,0.0,0.0,0.0,10.927756604040042,2.3628995734662674,0.0,0.0,0.0,True
2,2,3619899988265571012,no_signature,0.0,0.0,0.0,22.717924113967456,2.3099921328572037,0.0,0.0,0.0,True
2,2,1424072402190973300,no_signature,0.0,0.0,0.0,22.86178105091676,2.3097519463243574,0.0,0.0,0.0,True
2,2,13711476131732426193,no_signature,0.0,0.0,0.0,22.808424983988516,2.310258182854698,0.0,0.0,0.0,True
2,2,18416660215689114662,no_signature,0.0,0.0,0.0,22.956643008976243,2.3096693575191805,0.0,0.0,0.0,True
2,2,3095182365802035723,no_signature,0.0,0.0,0.0,10.587569265044294,2.311030167741136,0.0,0.0,0.0,True
2,3,3619899988265571012,no_signature,0.0,0.0,0.0,22.22510085091926,2.309411107541654,0.0,0.0,0.0,True
2,3,18416660215689114662,no_signature,0.0,0.0,0.0,22.327518432051875,2.309633510943038,0.0,0.0,0.0,True
2,3,13711476131732426193,no_signature,0.0,0.0,0.0,22.419968220056035,2.3098224321493324,0.0,0.0,0.0,True
2,3,1424072402190973300,no_signature,0.0,0.0,0.0,22.29985361197032,2.309675325600865,0.0,0.0,0.0,True
2,3,3095182365802035723,no_signature,0.0,0.0,0.0,10.72354772593826,2.3108165698310437,0.0,0.0,0.0,True
2,4,3619899988265571012,no_signature,0.0,0.0,0.0,22.395038190996274,2.3094111060182128,0.0,0.0,0.0,True
2,4,13711476131732426193,no_signature,0.0,0.0,0.0,22.625927374931052,2.3098224153914773,0.0,0.0,0.0,True
2,4,1424072402190973300,no_signature,0.0,0.0,0.0,22.810903012985364,2.3096753233157026,0.0,0.0,0.0,True
2,4,18416660215689114662,no_signature,0.0,0.0,0.0,22.755452935001813,2.3096335002789483,0.0,0.0,0.0,True
2,4,3095182365802035723,no_signature,0.0,0.0,0.0,10.758424354949966,2.310816558405233,0.0,0.0,0.0,True
2,5,13711476131732426193,no_signature,0.0,0.0,0.0,23.704121398972347,2.3098224123445945,0.0,0.0,0.0,True
2,5,1424072402190973300,no_signature,0.0,0.0,0.0,23.63531605701428,2.309675314936775,0.0,0.0,0.0,True
2,5,3619899988265571012,no_signature,0.0,0.0,0.0,23.95103369804565,2.309411106779933,0.0,0.0,0.0,True
2,5,18416660215689114662,no_signature,0.0,0.0,0.0,23.846534230047837,2.3096334911382996,0.0,0.0,0.0,True
2,5,3095182365802035723,no_signature,0.0,0.0,0.0,10.751996929990128,2.310816562213837,0.0,0.0,0.0,True
2,6,1424072402190973300,no_signature,0.0,0.0,0.0,22.048060700064525,2.3096753271243062,0.0,0.0,0.0,True
2,6,3619899988265571012,no_signature,0.0,0.0,0.0,22.2855901500443,2.309411107541654,0.0,0.0,0.0,True
2,6,18416660215689114662,no_signature,0.0,0.0,0.0,22.510502869961783,2.3096334964703447,0.0,0.0,0.0,True
2,6,13711476131732426193,no_signature,0.0,0.0,0.0,22.63280711893458,2.3098224115828736,0.0,0.0,0.0,True
2,6,3095182365802035723,no_signature,0.0,0.0,0.0,10.777923525078222,2.3108165652607195,0.0,0.0,0.0,True
2,7,13711476131732426193,no_signature,0.0,0.0,0.0,22.127045195898972,2.3098224268172878,0.0,0.0,0.0,True
2,7,3619899988265571012,no_signature,0.0,0.0,0.0,22.302947835996747,2.309411109826816,0.0,0.0,0.0,True
2,7,1424072402190973300,no_signature,0.0,0.0,0.0,22.387618932989426,2.309675324839144,0.0,0.0,0.0,True
2,7,18416660215689114662,no_signature,0.0,0.0,0.0,22.40798242308665,2.3096334949469033,0.0,0.0,0.0,True
2,7,3095182365802035723,no_signature,0.0,0.0,0.0,10.753980445093475,2.3108165705927646,0.0,0.0,0.0,True
2,8,1424072402190973300,no_signature,0.0,0.0,0.0,22.69823041500058,2.3096753271243062,0.0,0.0,0.0,True
2,8,13711476131732426193,no_signature,0.0,0.0,0.0,22.98309522191994,2.309822413868036,0.0,0.0,0.0,True
2,8,18416660215689114662,no_signature,0.0,0.0,0.0,23.165303613990545,2.3096334964703447,0.0,0.0,0.0,True
2,8,3619899988265571012,no_signature,0.0,0.0,0.0,23.211131539894268,2.3094111083033746,0.0,0.0,0.0,True
2,8,3095182365802035723,no_signature,0.0,0.0,0.0,10.893587216036394,2.3108165568817918,0.0,0.0,0.0,True
2,9,18416660215689114662,no_signature,0.0,0.0,0.0,21.969017893075943,2.309633495708624,0.0,0.0,0.0,True
2,9,1424072402190973300,no_signature,0.0,0.0,0.0,22.210438384092413,2.309675321792261,0.0,0.0,0.0,True
2,9,3619899988265571012,no_signature,0.0,0.0,0.0,22.416058438946493,2.3094111006861677,0.0,0.0,0.0,True
2,9,13711476131732426193,no_signature,0.0,0.0,0.0,22.40969047800172,2.309822428340729,0.0,0.0,0.0,True
2,9,3095182365802035723,no_signature,0.0,0.0,0.0,10.76648707210552,2.3108165660224405,0.0,0.0,0.0,True
2,10,18416660215689114662,no_signature,0.0,0.0,0.0,21.98271736409515,2.3096334949469033,0.0,0.0,0.0,True
2,10,3619899988265571012,no_signature,0.0,0.0,0.0,22.223285662010312,2.3094111060182128,0.0,0.0,0.0,True
2,10,1424072402190973300,no_signature,0.0,0.0,0.0,22.246322592021897,2.3096753187453785,0.0,0.0,0.0,True
2,10,13711476131732426193,no_signature,0.0,0.0,0.0,22.384557154029608,2.309822413106315,0.0,0.0,0.0,True
2,10,3095182365802035723,no_signature,0.0,0.0,0.0,10.709495909977704,2.31081655459663,0.0,0.0,0.0,True
2,11,3619899988265571012,no_signature,0.0,0.0,0.0,22.169913956080563,2.309411105256492,0.0,0.0,0.0,True
2,11,13711476131732426193,no_signature,0.0,0.0,0.0,22.250147962011397,2.3098224321493324,0.0,0.0,0.0,True
2,11,1424072402190973300,no_signature,0.0,0.0,0.0,22.375073751900345,2.3096753233157026,0.0,0.0,0.0,True
2,11,18416660215689114662,no_signature,0.0,0.0,0.0,22.510296756983735,2.3096334896148583,0.0,0.0,0.0,True
2,11,3095182365802035723,no_signature,0.0,0.0,0.0,10.964114201953635,2.3108165561200713,0.0,0.0,0.0,True
2,12,13711476131732426193,no_signature,0.0,0.0,0.0,22.917761552962475,2.309822417676639,0.0,0.0,0.0,True
2,12,1424072402190973300,no_signature,0.0,0.0,0.0,23.0252762689488,2.3096753141750543,0.0,0.0,0.0,True
2,12,3619899988265571012,no_signature,0.0,0.0,0.0,22.996656136005186,2.30941110297133,0.0,0.0,0.0,True
2,12,18416660215689114662,no_signature,0.0,0.0,0.0,23.233126181992702,2.3096334972320656,0.0,0.0,0.0,True
2,12,3095182365802035723,no_signature,0.0,0.0,0.0,10.734364611911587,2.31081655459663,0.0,0.0,0.0,True
2,13,1424072402190973300,no_signature,0.0,0.0,0.0,22.31915848189965,2.3096753233157026,0.0,0.0,0.0,True
2,13,3619899988265571012,no_signature,0.0,0.0,0.0,22.31575830699876,2.309411106779933,0.0,0.0,0.0,True
2,13,13711476131732426193,no_signature,0.0,0.0,0.0,22.6439388950821,2.3098224161531977,0.0,0.0,0.0,True
2,13,18416660215689114662,no_signature,0.0,0.0,0.0,22.734976805979386,2.3096334972320656,0.0,0.0,0.0,True
2,13,3095182365802035723,no_signature,0.0,0.0,0.0,10.959243499091826,2.3108165561200713,0.0,0.0,0.0,True
2,14,18416660215689114662,no_signature,0.0,0.0,0.0,22.555988781969063,2.3096334949469033,0.0,0.0,0.0,True
2,14,3619899988265571012,no_signature,0.0,0.0,0.0,22.52632959303446,2.309411115158861,0.0,0.0,0.0,True
2,14,1424072402190973300,no_signature,0.0,0.0,0.0,22.79592186200898,2.3096753240774235,0.0,0.0,0.0,True
2,14,13711476131732426193,no_signature,0.0,0.0,0.0,22.73119817301631,2.3098224222469637,0.0,0.0,0.0,True
2,14,3095182365802035723,no_signature,0.0,0.0,0.0,10.891227968968451,2.3108165523114677,0.0,0.0,0.0,True
2,15,3619899988265571012,no_signature,0.0,0.0,0.0,21.74252491199877,2.3094110999244473,0.0,0.0,0.0,True
2,15,18416660215689114662,no_signature,0.0,0.0,0.0,21.938915107981302,2.3096334873296964,0.0,0.0,0.0,True
2,15,1424072402190973300,no_signature,0.0,0.0,0.0,22.062654837965965,2.3096753263625853,0.0,0.0,0.0,True
2,15,13711476131732426193,no_signature,0.0,0.0,0.0,22.230171478004195,2.3098224092977118,0.0,0.0,0.0,True
2,15,3095182365802035723,no_signature,0.0,0.0,0.0,10.931072258972563,2.3108165576435127,0.0,0.0,0.0,True
2,16,18416660215689114662,no_signature,0.0,0.0,0.0,22.115550888935104,2.3096334949469033,0.0,0.0,0.0,True
2,16,3619899988265571012,no_signature,0.0,0.0,0.0,22.18428674794268,2.3094111090650955,0.0,0.0,0.0,True
2,16,13711476131732426193,no_signature,0.0,0.0,0.0,22.31462196400389,2.3098224169149186,0.0,0.0,0.0,True
2,16,1424072402190973300,no_signature,0.0,0.0,0.0,22.31662845995743,2.3096753233157026,0.0,0.0,0.0,True
2,16,3095182365802035723,no_signature,0.0,0.0,0.0,10.609276061062701,2.3108165606903954,0.0,0.0,0.0,True
2,17,3619899988265571012,no_signature,0.0,0.0,0.0,22.23336574889254,2.309411105256492,0.0,0.0,0.0,True
2,17,1424072402190973300,no_signature,0.0,0.0,0.0,22.188845860073343,2.3096753187453785,0.0,0.0,0.0,True
2,17,13711476131732426193,no_signature,0.0,0.0,0.0,22.396301856962964,2.3098224169149186,0.0,0.0,0.0,True
2,17,18416660215689114662,no_signature,0.0,0.0,0.0,22.552670417004265,2.309633497993786,0.0,0.0,0.0,True
2,17,3095182365802035723,no_signature,0.0,0.0,0.0,10.723047951003537,2.3108165523114677,0.0,0.0,0.0,True
2,18,1424072402190973300,no_signature,0.0,0.0,0.0,22.0190960529726,2.3096753278860267,0.0,0.0,0.0,True
2,18,18416660215689114662,no_signature,0.0,0.0,0.0,22.075523272971623,2.309633494185183,0.0,0.0,0.0,True
2,18,13711476131732426193,no_signature,0.0,0.0,0.0,22.270333591965027,2.30982241843836,0.0,0.0,0.0,True
2,18,3619899988265571012,no_signature,0.0,0.0,0.0,22.21410287602339,2.3094111090650955,0.0,0.0,0.0,True
2,18,3095182365802035723,no_signature,0.0,0.0,0.0,10.617603468010202,2.310816558405233,0.0,0.0,0.0,True
2,19,18416660215689114662,no_signature,0.0,0.0,0.0,22.784146278048865,2.309633488853138,0.0,0.0,0.0,True
2,19,3619899988265571012,no_signature,0.0,0.0,0.0,22.875870542018674,2.309411106779933,0.0,0.0,0.0,True
2,19,13711476131732426193,no_signature,0.0,0.0,0.0,23.087088278029114,2.309822413868036,0.0,0.0,0.0,True
2,19,1424072402190973300,no_signature,0.0,0.0,0.0,23.07058458100073,2.30967532026882,0.0,0.0,0.0,True
2,19,3095182365802035723,no_signature,0.0,0.0,0.0,10.712557137012482,2.3108165606903954,0.0,0.0,0.0,True
2,20,18416660215689114662,no_signature,0.0,0.0,0.0,22.26127260096837,2.3096334995172274,0.0,0.0,0.0,True
2,20,1424072402190973300,no_signature,0.0,0.0,0.0,22.294339079991914,2.3096753187453785,0.0,0.0,0.0,True
2,20,3619899988265571012,no_signature,0.0,0.0,0.0,22.42337586299982,2.3094111113502573,0.0,0.0,0.0,True
2,20,13711476131732426193,no_signature,0.0,0.0,0.0,22.2641725379508,2.309822423770405,0.0,0.0,0.0,True
2,20,3095182365802035723,no_signature,0.0,0.0,0.0,10.7156969869975,2.310816566784161,0.0,0.0,0.0,True
2,21,18416660215689114662,no_signature,0.0,0.0,0.0,22.026638259994797,2.3096334911382996,0.0,0.0,0.0,True
2,21,13711476131732426193,no_signature,0.0,0.0,0.0,22.17969893105328,2.309822417676639,0.0,0.0,0.0,True
2,21,1424072402190973300,no_signature,0.0,0.0,0.0,22.358890517964028,2.309675317983658,0.0,0.0,0.0,True
2,21,3619899988265571012,no_signature,0.0,0.0,0.0,22.185029109939933,2.30941110297133,0.0,0.0,0.0,True
2,21,3095182365802035723,no_signature,0.0,0.0,0.0,10.61309296602849,2.310816559166954,0.0,0.0,0.0,True
2,22,13711476131732426193,no_signature,0.0,0.0,0.0,21.718788641970605,2.3098224275790082,0.0,0.0,0.0,True
2,22,3619899988265571012,no_signature,0.0,0.0,0.0,21.930861599976197,2.3094111083033746,0.0,0.0,0.0,True
2,22,1424072402190973300,no_signature,0.0,0.0,0.0,21.95437586400658,2.3096753240774235,0.0,0.0,0.0,True
2,22,18416660215689114662,no_signature,0.0,0.0,0.0,22.059571215999313,2.3096334919000205,0.0,0.0,0.0,True
2,22,3095182365802035723,no_signature,0.0,0.0,0.0,10.920392198022455,2.3108165606903954,0.0,0.0,0.0,True
2,23,1424072402190973300,no_signature,0.0,0.0,0.0,22.24384486908093,2.3096753233157026,0.0,0.0,0.0,True
2,23,3619899988265571012,no_signature,0.0,0.0,0.0,22.40650707797613,2.3094111006861677,0.0,0.0,0.0,True
2,23,18416660215689114662,no_signature,0.0,0.0,0.0,22.477143686963245,2.3096334949469033,0.0,0.0,0.0,True
2,23,13711476131732426193,no_signature,0.0,0.0,0.0,22.403335770010017,2.3098224169149186,0.0,0.0,0.0,True
2,23,3095182365802035723,no_signature,0.0,0.0,0.0,10.7074525259668,2.3108165561200713,0.0,0.0,0.0,True
2,24,3619899988265571012,no_signature,0.0,0.0,0.0,21.827272869064473,2.3094111060182128,0.0,0.0,0.0,True
2,24,1424072402190973300,no_signature,0.0,0.0,0.0,21.904251549043693,2.3096753141750543,0.0,0.0,0.0,True
2,24,18416660215689114662,no_signature,0.0,0.0,0.0,22.147928126039915,2.309633498755507,0.0,0.0,0.0,True
2,24,13711476131732426193,no_signature,0.0,0.0,0.0,22.190864313044585,2.3098224153914773,0.0,0.0,0.0,True
2,24,3095182365802035723,no_signature,0.0,0.0,0.0,10.61474259395618,2.310816553834909,0.0,0.0,0.0,True
2,25,1424072402190973300,no_signature,0.0,0.0,0.0,21.739118098979816,2.309675325600865,0.0,0.0,0.0,True
2,25,3619899988265571012,no_signature,0.0,0.0,0.0,21.779452821007,2.3094111090650955,0.0,0.0,0.0,True
2,25,18416660215689114662,no_signature,0.0,0.0,0.0,21.879570366931148,2.309633488853138,0.0,0.0,0.0,True
2,25,13711476131732426193,no_signature,0.0,0.0,0.0,21.82387129496783,2.309822413868036,0.0,0.0,0.0,True
2,25,3095182365802035723,no_signature,0.0,0.0,0.0,10.766033936059102,2.310816562213837,0.0,0.0,0.0,True
2,26,13711476131732426193,no_signature,0.0,0.0,0.0,21.688670686096884,2.3098224222469637,0.0,0.0,0.0,True
2,26,18416660215689114662,no_signature,0.0,0.0,0.0,21.929226763080806,2.309633498755507,0.0,0.0,0.0,True
2,26,1424072402190973300,no_signature,0.0,0.0,0.0,21.856782544986345,2.3096753210305407,0.0,0.0,0.0,True
2,26,3619899988265571012,no_signature,0.0,0.0,0.0,21.9644561749883,2.3094110984010054,0.0,0.0,0.0,True
2,26,3095182365802035723,no_signature,0.0,0.0,0.0,10.732928588986397,2.310816563737278,0.0,0.0,0.0,True
2,27,18416660215689114662,no_signature,0.0,0.0,0.0,22.01063212903682,2.309633497993786,0.0,0.0,0.0,True
2,27,1424072402190973300,no_signature,0.0,0.0,0.0,22.093436580034904,2.309675324839144,0.0,0.0,0.0,True
2,27,13711476131732426193,no_signature,0.0,0.0,0.0,22.11232160392683,2.3098224245321255,0.0,0.0,0.0,True
2,27,3619899988265571012,no_signature,0.0,0.0,0.0,22.24008222995326,2.3094110953541227,0.0,0.0,0.0,True
2,27,3095182365802035723,no_signature,0.0,0.0,0.0,10.617525871959515,2.310816563737278,0.0,0.0,0.0,True
2,28,1424072402190973300,no_signature,0.0,0.0,0.0,21.159824862028472,2.309675322553982,0.0,0.0,0.0,True
2,28,18416660215689114662,no_signature,0.0,0.0,0.0,21.393047354067676,2.309633493423462,0.0,0.0,0.0,True
2,28,3619899988265571012,no_signature,0.0,0.0,0.0,21.563921977067366,2.309411112873699,0.0,0.0,0.0,True
2,28,13711476131732426193,no_signature,0.0,0.0,0.0,21.581691575003788,2.3098224245321255,0.0,0.0,0.0,True
2,28,3095182365802035723,no_signature,0.0,0.0,0.0,10.508889646967873,2.3108165599286745,0.0,0.0,0.0,True
2,29,1424072402190973300,no_signature,0.0,0.0,0.0,21.684413761948235,2.3096753233157026,0.0,0.0,0.0,True
2,29,13711476131732426193,no_signature,0.0,0.0,0.0,21.965904404059984,2.309822413106315,0.0,0.0,0.0,True
2,29,3619899988265571012,no_signature,0.0,0.0,0.0,22.046167395077646,2.3094111090650955,0.0,0.0,0.0,True
2,29,18416660215689114662,no_signature,0.0,0.0,0.0,21.975847034016624,2.309633492661741,0.0,0.0,0.0,True
2,29,3095182365802035723,no_signature,0.0,0.0,0.0,10.627826938056387,2.310816567545882,0.0,0.0,0.0,True
2,30,1424072402190973300,no_signature,0.0,0.0,0.0,23.079247651039623,2.3096753210305407,0.0,0.0,0.0,True
2,30,18416660215689114662,no_signature,0.0,0.0,0.0,23.317369066993706,2.3096335002789483,0.0,0.0,0.0,True
2,30,13711476131732426193,no_signature,0.0,0.0,0.0,23.300545423058793,2.3098224169149186,0.0,0.0,0.0,True
2,30,3619899988265571012,no_signature,0.0,0.0,0.0,23.443651245092042,2.30941109230724,0.0,0.0,0.0,True
2,30,3095182365802035723,no_signature,0.0,0.0,0.0,11.866388712078333,2.3108165629755573,0.0,0.0,0.0,True
3,1,14116833852744316811,no_signature,0.0,0.0,0.0,23.999415265978314,2.352055556096208,0.0,0.0,0.0,True
3,1,10159184930477046580,no_signature,0.0,0.0,0.0,24.002145819948055,2.2210527803189457,0.0,0.0,0.0,True
3,1,8333315989874661497,no_signature,0.0,0.0,0.0,24.501212451024912,2.241257057403223,0.0,0.0,0.0,True
3,1,2870186211805659146,no_signature,0.0,0.0,0.0,24.907713822904043,2.089832266679587,0.0,0.0,0.0,True
3,1,5774966651223782011,no_signature,0.0,0.0,0.0,11.799943272024393,2.17661079050253,0.0,0.0,0.0,True
3,2,8333315989874661497,no_signature,0.0,0.0,0.0,21.845633561024442,2.309565976024055,0.0,0.0,0.0,True
3,2,14116833852744316811,no_signature,0.0,0.0,0.0,21.997702126041986,2.3096166411146952,0.0,0.0,0.0,True
3,2,2870186211805659146,no_signature,0.0,0.0,0.0,22.11642734403722,2.3099166988945616,0.0,0.0,0.0,True
3,2,10159184930477046580,no_signature,0.0,0.0,0.0,22.127647840068676,2.3102144524693107,0.0,0.0,0.0,True
3,2,5774966651223782011,no_signature,0.0,0.0,0.0,10.56168818299193,2.311007620046695,0.0,0.0,0.0,True
3,3,14116833852744316811,no_signature,0.0,0.0,0.0,24.36233393207658,2.309633492661741,0.0,0.0,0.0,True
3,3,2870186211805659146,no_signature,0.0,0.0,0.0,24.42922899709083,2.3096753134133334,0.0,0.0,0.0,True
3,3,8333315989874661497,no_signature,0.0,0.0,0.0,24.664122255984694,2.3094111090650955,0.0,0.0,0.0,True
3,3,10159184930477046580,no_signature,0.0,0.0,0.0,25.006210359046236,2.3098224199618014,0.0,0.0,0.0,True
3,3,5774966651223782011,no_signature,0.0,0.0,0.0,11.20342197001446,2.3108165606903954,0.0,0.0,0.0,True
3,4,10159184930477046580,no_signature,0.0,0.0,0.0,23.26709680398926,2.3098224153914773,0.0,0.0,0.0,True
3,4,14116833852744316811,no_signature,0.0,0.0,0.0,23.35616357100662,2.309633488091417,0.0,0.0,0.0,True
3,4,8333315989874661497,no_signature,0.0,0.0,0.0,23.538879266008735,2.3094111014478886,0.0,0.0,0.0,True
3,4,2870186211805659146,no_signature,0.0,0.0,0.0,23.732191920047626,2.309675317221937,0.0,0.0,0.0,True
3,4,5774966651223782011,no_signature,0.0,0.0,0.0,11.116681081941351,2.310816564498999,0.0,0.0,0.0,True
3,5,10159184930477046580,no_signature,0.0,0.0,0.0,24.56453627999872,2.3098224192000805,0.0,0.0,0.0,True
3,5,2870186211805659146,no_signature,0.0,0.0,0.0,24.758721072925255,2.309675321792261,0.0,0.0,0.0,True
3,5,14116833852744316811,no_signature,0.0,0.0,0.0,25.03728863899596,2.309633494185183,0.0,0.0,0.0,True
3,5,8333315989874661497,no_signature,0.0,0.0,0.0,25.174914374016225,2.3094111060182128,0.0,0.0,0.0,True
3,5,5774966651223782011,no_signature,0.0,0.0,0.0,11.583315251977183,2.3108165568817918,0.0,0.0,0.0,True
3,6,10159184930477046580,no_signature,0.0,0.0,0.0,23.33147953893058,2.3098224146297563,0.0,0.0,0.0,True
3,6,14116833852744316811,no_signature,0.0,0.0,0.0,23.52224838908296,2.3096334896148583,0.0,0.0,0.0,True
3,6,8333315989874661497,no_signature,0.0,0.0,0.0,23.890510968049057,2.3094110991627264,0.0,0.0,0.0,True
3,6,2870186211805659146,no_signature,0.0,0.0,0.0,24.0675267779734,2.309675325600865,0.0,0.0,0.0,True
3,6,5774966651223782011,no_signature,0.0,0.0,0.0,11.040940043050796,2.310816558405233,0.0,0.0,0.0,True
3,7,8333315989874661497,no_signature,0.0,0.0,0.0,23.62672627402935,2.3094111014478886,0.0,0.0,0.0,True
3,7,14116833852744316811,no_signature,0.0,0.0,0.0,23.742686496931128,2.309633490376579,0.0,0.0,0.0,True
3,7,2870186211805659146,no_signature,0.0,0.0,0.0,23.939588755951263,2.3096753271243062,0.0,0.0,0.0,True
3,7,10159184930477046580,no_signature,0.0,0.0,0.0,23.900961062987335,2.3098224214852427,0.0,0.0,0.0,True
3,7,5774966651223782011,no_signature,0.0,0.0,0.0,11.133168142987415,2.3108165629755573,0.0,0.0,0.0,True
3,8,10159184930477046580,no_signature,0.0,0.0,0.0,23.40932435099967,2.3098224214852427,0.0,0.0,0.0,True
3,8,8333315989874661497,no_signature,0.0,0.0,0.0,23.770250948960893,2.3094111037330505,0.0,0.0,0.0,True
3,8,14116833852744316811,no_signature,0.0,0.0,0.0,24.220144574996084,2.3096334972320656,0.0,0.0,0.0,True
3,8,2870186211805659146,no_signature,0.0,0.0,0.0,24.208081554970704,2.3096753286477476,0.0,0.0,0.0,True
3,8,5774966651223782011,no_signature,0.0,0.0,0.0,12.7372070630081,2.310816559166954,0.0,0.0,0.0,True
3,9,8333315989874661497,no_signature,0.0,0.0,0.0,26.149286646046676,2.3094111014478886,0.0,0.0,0.0,True
3,9,2870186211805659146,no_signature,0.0,0.0,0.0,26.36269636801444,2.3096753240774235,0.0,0.0,0.0,True
3,9,14116833852744316811,no_signature,0.0,0.0,0.0,26.61049098998774,2.309633492661741,0.0,0.0,0.0,True
3,9,10159184930477046580,no_signature,0.0,0.0,0.0,26.59650965197943,2.309822417676639,0.0,0.0,0.0,True
3,9,5774966651223782011,no_signature,0.0,0.0,0.0,12.234605392091908,2.3108165576435127,0.0,0.0,0.0,True
3,10,8333315989874661497,no_signature,0.0,0.0,0.0,24.828127010026947,2.3094111044947714,0.0,0.0,0.0,True
3,10,14116833852744316811,no_signature,0.0,0.0,0.0,24.904647271032445,2.3096334964703447,0.0,0.0,0.0,True
3,10,10159184930477046580,no_signature,0.0,0.0,0.0,25.27130571892485,2.3098224214852427,0.0,0.0,0.0,True
3,10,2870186211805659146,no_signature,0.0,0.0,0.0,25.338849353953265,2.309675325600865,0.0,0.0,0.0,True
3,10,5774966651223782011,no_signature,0.0,0.0,0.0,11.997518301010132,2.3108165576435127,0.0,0.0,0.0,True
3,11,10159184930477046580,no_signature,0.0,0.0,0.0,24.809131892980076,2.3098224169149186,0.0,0.0,0.0,True
3,11,8333315989874661497,no_signature,0.0,0.0,0.0,24.8067220490193,2.30941109230724,0.0,0.0,0.0,True
3,11,2870186211805659146,no_signature,0.0,0.0,0.0,24.921523025026545,2.3096753195070994,0.0,0.0,0.0,True
3,11,14116833852744316811,no_signature,0.0,0.0,0.0,25.187770036049187,2.3096334865679755,0.0,0.0,0.0,True
3,11,5774966651223782011,no_signature,0.0,0.0,0.0,11.086421763990074,2.3108165576435127,0.0,0.0,0.0,True
3,12,2870186211805659146,no_signature,0.0,0.0,0.0,23.081930096028373,2.3096753271243062,0.0,0.0,0.0,True
3,12,14116833852744316811,no_signature,0.0,0.0,0.0,23.194094765931368,2.3096334865679755,0.0,0.0,0.0,True
3,12,8333315989874661497,no_signature,0.0,0.0,0.0,23.31875375995878,2.309411102209609,0.0,0.0,0.0,True
3,12,10159184930477046580,no_signature,0.0,0.0,0.0,23.237304968992248,2.3098224092977118,0.0,0.0,0.0,True
3,12,5774966651223782011,no_signature,0.0,0.0,0.0,11.072510960046202,2.3108165606903954,0.0,0.0,0.0,True
3,13,2870186211805659146,no_signature,0.0,0.0,0.0,24.152949512936175,2.3096753195070994,0.0,0.0,0.0,True
3,13,10159184930477046580,no_signature,0.0,0.0,0.0,24.249399893917143,2.3098224169149186,0.0,0.0,0.0,True
3,13,8333315989874661497,no_signature,0.0,0.0,0.0,24.34261168993544,2.309411105256492,0.0,0.0,0.0,True
3,13,14116833852744316811,no_signature,0.0,0.0,0.0,24.4983105850406,2.3096334865679755,0.0,0.0,0.0,True
3,13,5774966651223782011,no_signature,0.0,0.0,0.0,10.690718629048206,2.3108165553583504,0.0,0.0,0.0,True
3,14,14116833852744316811,no_signature,0.0,0.0,0.0,21.773924443987198,2.3096334919000205,0.0,0.0,0.0,True
3,14,8333315989874661497,no_signature,0.0,0.0,0.0,21.87509341398254,2.3094111037330505,0.0,0.0,0.0,True
3,14,2870186211805659146,no_signature,0.0,0.0,0.0,21.92210561700631,2.3096753187453785,0.0,0.0,0.0,True
3,14,10159184930477046580,no_signature,0.0,0.0,0.0,22.131563249975443,2.30982241843836,0.0,0.0,0.0,True
3,14,5774966651223782011,no_signature,0.0,0.0,0.0,10.570705891936086,2.3108165606903954,0.0,0.0,0.0,True
3,15,8333315989874661497,no_signature,0.0,0.0,0.0,22.775421599042602,2.3094110991627264,0.0,0.0,0.0,True
3,15,2870186211805659146,no_signature,0.0,0.0,0.0,22.89510621293448,2.30967532026882,0.0,0.0,0.0,True
3,15,10159184930477046580,no_signature,0.0,0.0,0.0,23.161885884939693,2.309822420723522,0.0,0.0,0.0,True
3,15,14116833852744316811,no_signature,0.0,0.0,0.0,23.14863820595201,2.309633492661741,0.0,0.0,0.0,True
3,15,5774966651223782011,no_signature,0.0,0.0,0.0,11.249546124017797,2.310816562213837,0.0,0.0,0.0,True
3,16,8333315989874661497,no_signature,0.0,0.0,0.0,22.319579670089297,2.309411089260357,0.0,0.0,0.0,True
3,16,10159184930477046580,no_signature,0.0,0.0,0.0,22.477969718980603,2.3098224146297563,0.0,0.0,0.0,True
3,16,14116833852744316811,no_signature,0.0,0.0,0.0,22.694162654108368,2.3096334919000205,0.0,0.0,0.0,True
3,16,2870186211805659146,no_signature,0.0,0.0,0.0,22.656302572926506,2.3096753141750543,0.0,0.0,0.0,True
3,16,5774966651223782011,no_signature,0.0,0.0,0.0,10.595306058996357,2.310816562213837,0.0,0.0,0.0,True
3,17,8333315989874661497,no_signature,0.0,0.0,0.0,25.068480952992104,2.3094111121119782,0.0,0.0,0.0,True
3,17,14116833852744316811,no_signature,0.0,0.0,0.0,25.261032424052246,2.3096334911382996,0.0,0.0,0.0,True
3,17,10159184930477046580,no_signature,0.0,0.0,0.0,25.62424595502671,2.3098224161531977,0.0,0.0,0.0,True
3,17,2870186211805659146,no_signature,0.0,0.0,0.0,25.52577640709933,2.309675324839144,0.0,0.0,0.0,True
3,17,5774966651223782011,no_signature,0.0,0.0,0.0,11.748391297995113,2.3108165599286745,0.0,0.0,0.0,True
3,18,8333315989874661497,no_signature,0.0,0.0,0.0,24.61912253301125,2.3094110984010054,0.0,0.0,0.0,True
3,18,2870186211805659146,no_signature,0.0,0.0,0.0,25.767721230979078,2.309675317983658,0.0,0.0,0.0,True
3,18,14116833852744316811,no_signature,0.0,0.0,0.0,26.205088146030903,2.309633495708624,0.0,0.0,0.0,True
3,18,10159184930477046580,no_signature,0.0,0.0,0.0,26.05800967302639,2.309822428340729,0.0,0.0,0.0,True
3,18,5774966651223782011,no_signature,0.0,0.0,0.0,10.890177831985056,2.3108165530731886,0.0,0.0,0.0,True
3,19,8333315989874661497,no_signature,0.0,0.0,0.0,24.32068577595055,2.309411096877564,0.0,0.0,0.0,True
3,19,10159184930477046580,no_signature,0.0,0.0,0.0,24.256796213099733,2.3098224214852427,0.0,0.0,0.0,True
3,19,14116833852744316811,no_signature,0.0,0.0,0.0,24.58987221599091,2.309633490376579,0.0,0.0,0.0,True
3,19,2870186211805659146,no_signature,0.0,0.0,0.0,24.60697442200035,2.309675321792261,0.0,0.0,0.0,True
3,19,5774966651223782011,no_signature,0.0,0.0,0.0,12.11317649204284,2.3108165652607195,0.0,0.0,0.0,True
3,20,10159184930477046580,no_signature,0.0,0.0,0.0,25.86794787691906,2.30982241843836,0.0,0.0,0.0,True
3,20,8333315989874661497,no_signature,0.0,0.0,0.0,25.929697697982192,2.309411107541654,0.0,0.0,0.0,True
3,20,2870186211805659146,no_signature,0.0,0.0,0.0,26.776991231017746,2.3096753210305407,0.0,0.0,0.0,True
3,20,14116833852744316811,no_signature,0.0,0.0,0.0,26.79070681601297,2.309633485806255,0.0,0.0,0.0,True
3,20,5774966651223782011,no_signature,0.0,0.0,0.0,12.597006174037233,2.3108165576435127,0.0,0.0,0.0,True
3,21,14116833852744316811,no_signature,0.0,0.0,0.0,28.434686847031116,2.309633488091417,0.0,0.0,0.0,True
3,21,8333315989874661497,no_signature,0.0,0.0,0.0,28.695151796913706,2.309411107541654,0.0,0.0,0.0,True
3,21,10159184930477046580,no_signature,0.0,0.0,0.0,28.6750499419868,2.309822420723522,0.0,0.0,0.0,True
3,21,2870186211805659146,no_signature,0.0,0.0,0.0,29.06881909398362,2.3096753187453785,0.0,0.0,0.0,True
3,21,5774966651223782011,no_signature,0.0,0.0,0.0,12.212662168894894,2.310816558405233,0.0,0.0,0.0,True
3,22,10159184930477046580,no_signature,0.0,0.0,0.0,24.80783630500082,2.3098224153914773,0.0,0.0,0.0,True
3,22,14116833852744316811,no_signature,0.0,0.0,0.0,25.020946946926415,2.3096334995172274,0.0,0.0,0.0,True
3,22,2870186211805659146,no_signature,0.0,0.0,0.0,25.148771590087563,2.309675317221937,0.0,0.0,0.0,True
3,22,8333315989874661497,no_signature,0.0,0.0,0.0,25.680691282032058,2.30941109230724,0.0,0.0,0.0,True
3,22,5774966651223782011,no_signature,0.0,0.0,0.0,12.186846091994084,2.3108165576435127,0.0,0.0,0.0,True
3,23,14116833852744316811,no_signature,0.0,0.0,0.0,26.385706107947044,2.3096334911382996,0.0,0.0,0.0,True
3,23,8333315989874661497,no_signature,0.0,0.0,0.0,26.59328963502776,2.3094111014478886,0.0,0.0,0.0,True
3,23,10159184930477046580,no_signature,0.0,0.0,0.0,26.63511601393111,2.309822410821153,0.0,0.0,0.0,True
3,23,2870186211805659146,no_signature,0.0,0.0,0.0,26.983952663023956,2.3096753233157026,0.0,0.0,0.0,True
3,23,5774966651223782011,no_signature,0.0,0.0,0.0,11.868654028046876,2.3108165652607195,0.0,0.0,0.0,True
3,24,8333315989874661497,no_signature,0.0,0.0,0.0,23.590214669005945,2.3094110945924022,0.0,0.0,0.0,True
3,24,2870186211805659146,no_signature,0.0,0.0,0.0,23.96154169610236,2.309675316460216,0.0,0.0,0.0,True
3,24,10159184930477046580,no_signature,0.0,0.0,0.0,24.262969786068425,2.309822423008684,0.0,0.0,0.0,True
3,24,14116833852744316811,no_signature,0.0,0.0,0.0,24.47360544698313,2.309633493423462,0.0,0.0,0.0,True
3,24,5774966651223782011,no_signature,0.0,0.0,0.0,10.81542011804413,2.310816563737278,0.0,0.0,0.0,True
3,25,14116833852744316811,no_signature,0.0,0.0,0.0,22.13516788801644,2.3096334964703447,0.0,0.0,0.0,True
3,25,10159184930477046580,no_signature,0.0,0.0,0.0,22.398414075025357,2.309822423008684,0.0,0.0,0.0,True
3,25,8333315989874661497,no_signature,0.0,0.0,0.0,22.490655828034505,2.3094110991627264,0.0,0.0,0.0,True
3,25,2870186211805659146,no_signature,0.0,0.0,0.0,22.542635082034394,2.3096753187453785,0.0,0.0,0.0,True
3,25,5774966651223782011,no_signature,0.0,0.0,0.0,11.400867650983855,2.31081655459663,0.0,0.0,0.0,True
3,26,2870186211805659146,no_signature,0.0,0.0,0.0,23.430447404971346,2.3096753240774235,0.0,0.0,0.0,True
3,26,14116833852744316811,no_signature,0.0,0.0,0.0,23.509718611021526,2.309633494185183,0.0,0.0,0.0,True
3,26,10159184930477046580,no_signature,0.0,0.0,0.0,23.55213906103745,2.309822423008684,0.0,0.0,0.0,True
3,26,8333315989874661497,no_signature,0.0,0.0,0.0,23.793834264972247,2.3094110953541227,0.0,0.0,0.0,True
3,26,5774966651223782011,no_signature,0.0,0.0,0.0,11.440170540008694,2.3108165599286745,0.0,0.0,0.0,True
3,27,8333315989874661497,no_signature,0.0,0.0,0.0,24.966384764993563,2.3094111090650955,0.0,0.0,0.0,True
3,27,2870186211805659146,no_signature,0.0,0.0,0.0,25.467962024034932,2.309675322553982,0.0,0.0,0.0,True
3,27,14116833852744316811,no_signature,0.0,0.0,0.0,25.703704662038945,2.309633492661741,0.0,0.0,0.0,True
3,27,10159184930477046580,no_signature,0.0,0.0,0.0,25.793680285918526,2.309822423770405,0.0,0.0,0.0,True
3,27,5774966651223782011,no_signature,0.0,0.0,0.0,11.999230913934298,2.3108165606903954,0.0,0.0,0.0,True
3,28,10159184930477046580,no_signature,0.0,0.0,0.0,23.662655489053577,2.309822423008684,0.0,0.0,0.0,True
3,28,8333315989874661497,no_signature,0.0,0.0,0.0,23.735796903958544,2.3094111037330505,0.0,0.0,0.0,True
3,28,14116833852744316811,no_signature,0.0,0.0,0.0,23.877609128016047,2.3096334896148583,0.0,0.0,0.0,True
3,28,2870186211805659146,no_signature,0.0,0.0,0.0,24.19201686710585,2.309675316460216,0.0,0.0,0.0,True
3,28,5774966651223782011,no_signature,0.0,0.0,0.0,11.471970313927159,2.3108165561200713,0.0,0.0,0.0,True
3,29,8333315989874661497,no_signature,0.0,0.0,0.0,24.31551652296912,2.30941110297133,0.0,0.0,0.0,True
3,29,2870186211805659146,no_signature,0.0,0.0,0.0,24.847015556995757,2.3096753195070994,0.0,0.0,0.0,True
3,29,10159184930477046580,no_signature,0.0,0.0,0.0,24.88453440205194,2.30982241843836,0.0,0.0,0.0,True
3,29,14116833852744316811,no_signature,0.0,0.0,0.0,24.923977290047333,2.3096334964703447,0.0,0.0,0.0,True
3,29,5774966651223782011,no_signature,0.0,0.0,0.0,11.37302444607485,2.3108165599286745,0.0,0.0,0.0,True
3,30,10159184930477046580,no_signature,0.0,0.0,0.0,21.61032268695999,2.3098224169149186,0.0,0.0,0.0,True
3,30,8333315989874661497,no_signature,0.0,0.0,0.0,21.760439738980494,2.3094111044947714,0.0,0.0,0.0,True
3,30,14116833852744316811,no_signature,0.0,0.0,0.0,21.941158373025246,2.309633498755507,0.0,0.0,0.0,True
3,30,2870186211805659146,no_signature,0.0,0.0,0.0,21.932832155027427,2.309675317221937,0.0,0.0,0.0,True
3,30,5774966651223782011,no_signature,0.0,0.0,0.0,10.614583984017372,2.3108165599286745,0.0,0.0,0.0,True
4,1,6158307306230503354,no_signature,0.0,0.0,0.0,22.309006592957303,2.1540304906071186,0.0,0.0,0.0,True
4,1,14448762991466962236,no_signature,0.0,0.0,0.0,22.411564168985933,2.180775393693211,0.0,0.0,0.0,True
4,1,14972093103993441844,no_signature,0.0,0.0,0.0,22.43325886200182,2.129686348735334,0.0,0.0,0.0,True
4,1,2668457220411637638,no_signature,0.0,0.0,0.0,22.553962202044204,2.103606550838239,0.0,0.0,0.0,True
4,1,18289278115389787064,no_signature,0.0,0.0,0.0,10.62932904693298,2.1785785157840474,0.0,0.0,0.0,True
4,2,2668457220411637638,no_signature,0.0,0.0,0.0,23.28614020801615,2.0235895108871946,0.0,0.0,0.0,True
4,2,14972093103993441844,no_signature,0.0,0.0,0.0,23.546607197029516,2.0695344628617405,0.0,0.0,0.0,True
4,2,14448762991466962236,no_signature,0.0,0.0,0.0,23.661771064042114,2.093404285443096,0.0,0.0,0.0,True
4,2,6158307306230503354,no_signature,0.0,0.0,0.0,23.62792489794083,2.0732568304378765,0.0,0.0,0.0,True
4,2,18289278115389787064,no_signature,0.0,0.0,0.0,11.111107373028062,2.0291666257114835,0.0,0.0,0.0,True
4,3,14448762991466962236,no_signature,0.0,0.0,0.0,23.7841910100542,1.972051646001042,0.0,0.0,0.0,True
4,3,2668457220411637638,no_signature,0.0,0.0,0.0,24.14427909301594,1.9879279418494373,0.0,0.0,0.0,True
4,3,6158307306230503354,no_signature,0.0,0.0,0.0,24.154439336038195,1.9946937800977176,0.0,0.0,0.0,True
4,3,14972093103993441844,no_signature,0.0,0.0,0.0,24.594947377918288,1.9691684192742784,0.0,0.0,0.0,True
4,3,18289278115389787064,no_signature,0.0,0.0,0.0,10.897740587010048,1.9975529802493013,0.0,0.0,0.0,True
4,4,14972093103993441844,no_signature,0.0,0.0,0.0,24.648477960960008,1.9656439151245946,0.0,0.0,0.0,True
4,4,6158307306230503354,no_signature,0.0,0.0,0.0,24.665159619995393,1.9674593552994653,0.0,0.0,0.0,True
4,4,2668457220411637638,no_signature,0.0,0.0,0.0,24.66787063900847,2.0034802177081854,0.0,0.0,0.0,True
4,4,14448762991466962236,no_signature,0.0,0.0,0.0,24.780781353940256,1.9677543880078738,0.0,0.0,0.0,True
4,4,18289278115389787064,no_signature,0.0,0.0,0.0,11.435919785988517,1.983376928792594,0.0,0.0,0.0,True
4,5,2668457220411637638,no_signature,0.0,0.0,0.0,24.867761612054892,1.9608400587837536,0.0,0.0,0.0,True
4,5,6158307306230503354,no_signature,0.0,0.0,0.0,25.489977114018984,1.9992892665984912,0.0,0.0,0.0,True
4,5,14448762991466962236,no_signature,0.0,0.0,0.0,25.643240947974846,2.0204576093929645,0.0,0.0,0.0,True
4,5,14972093103993441844,no_signature,0.0,0.0,0.0,25.67256029404234,2.0213576273415415,0.0,0.0,0.0,True
4,5,18289278115389787064,no_signature,0.0,0.0,0.0,12.875690366025083,1.9913600584188589,0.0,0.0,0.0,True
4,6,2668457220411637638,no_signature,0.0,0.0,0.0,23.758164671016857,1.9558768843690428,0.0,0.0,0.0,True
4,6,14448762991466962236,no_signature,0.0,0.0,0.0,23.697378733893856,1.9983574978459757,0.0,0.0,0.0,True
4,6,6158307306230503354,no_signature,0.0,0.0,0.0,23.92609715810977,1.9805872044243371,0.0,0.0,0.0,True
4,6,14972093103993441844,no_signature,0.0,0.0,0.0,23.9449907039525,1.9863619903406016,0.0,0.0,0.0,True
4,6,18289278115389787064,no_signature,0.0,0.0,0.0,11.283310436992906,2.026160616844226,0.0,0.0,0.0,True
4,7,6158307306230503354,no_signature,0.0,0.0,0.0,23.484655765001662,2.0310412740555055,0.0,0.0,0.0,True
4,7,2668457220411637638,no_signature,0.0,0.0,0.0,23.939347040024586,2.0304931870664653,0.0,0.0,0.0,True
4,7,14448762991466962236,no_signature,0.0,0.0,0.0,23.88613549992442,1.998343086471192,0.0,0.0,0.0,True
4,7,14972093103993441844,no_signature,0.0,0.0,0.0,24.104767916956916,1.9799648683292035,0.0,0.0,0.0,True
4,7,18289278115389787064,no_signature,0.0,0.0,0.0,12.797069402993657,2.025064640151807,0.0,0.0,0.0,True
4,8,6158307306230503354,no_signature,0.0,0.0,0.0,26.663998088100925,2.015680683687472,0.0,0.0,0.0,True
4,8,14448762991466962236,no_signature,0.0,0.0,0.0,26.905091652064584,1.9922936484455682,0.0,0.0,0.0,True
4,8,2668457220411637638,no_signature,0.0,0.0,0.0,27.09648476005532,2.027333776790875,0.0,0.0,0.0,True
4,8,14972093103993441844,no_signature,0.0,0.0,0.0,27.379721932928078,2.0066305642691664,0.0,0.0,0.0,True
4,8,18289278115389787064,no_signature,0.0,0.0,0.0,11.63122936396394,2.00951519484718,0.0,0.0,0.0,True
4,9,2668457220411637638,no_signature,0.0,0.0,0.0,25.794440372963436,1.9826666227163978,0.0,0.0,0.0,True
4,9,14972093103993441844,no_signature,0.0,0.0,0.0,25.96767251600977,1.9844015486324176,0.0,0.0,0.0,True
4,9,6158307306230503354,no_signature,0.0,0.0,0.0,26.02742956194561,2.008015423917923,0.0,0.0,0.0,True
4,9,14448762991466962236,no_signature,0.0,0.0,0.0,26.198158244951628,2.0172424975294656,0.0,0.0,0.0,True
4,9,18289278115389787064,no_signature,0.0,0.0,0.0,11.940846811980009,2.0169077860280726,0.0,0.0,0.0,True
4,10,2668457220411637638,no_signature,0.0,0.0,0.0,25.31344266596716,2.0250388513357875,0.0,0.0,0.0,True
4,10,14972093103993441844,no_signature,0.0,0.0,0.0,25.452499349950813,1.990945801948206,0.0,0.0,0.0,True
4,10,6158307306230503354,no_signature,0.0,0.0,0.0,25.829075040994212,1.9833234914194662,0.0,0.0,0.0,True
4,10,14448762991466962236,no_signature,0.0,0.0,0.0,25.74133675498888,2.005978913352893,0.0,0.0,0.0,True
4,10,18289278115389787064,no_signature,0.0,0.0,0.0,13.035995029029436,2.0094524553408637,0.0,0.0,0.0,True
4,11,14448762991466962236,no_signature,0.0,0.0,0.0,26.670831994968466,2.0064198022452406,0.0,0.0,0.0,True
4,11,2668457220411637638,no_signature,0.0,0.0,0.0,26.43182783492375,2.0655776837382454,0.0,0.0,0.0,True
4,11,14972093103993441844,no_signature,0.0,0.0,0.0,26.793857368989848,2.05848197358104,0.0,0.0,0.0,True
4,11,6158307306230503354,no_signature,0.0,0.0,0.0,27.068287416012026,2.0149495525481984,0.0,0.0,0.0,True
4,11,18289278115389787064,no_signature,0.0,0.0,0.0,12.33549133699853,2.085954422387071,0.0,0.0,0.0,True
4,12,6158307306230503354,no_signature,0.0,0.0,0.0,35.60172380506992,2.052423420043799,0.0,0.0,0.0,True
4,12,2668457220411637638,no_signature,0.0,0.0,0.0,35.70166218094528,2.043519740287488,0.0,0.0,0.0,True
4,12,14972093103993441844,no_signature,0.0,0.0,0.0,35.92248770897277,2.087644916372939,0.0,0.0,0.0,True
4,12,14448762991466962236,no_signature,0.0,0.0,0.0,35.990132233011536,2.0888499722313196,0.0,0.0,0.0,True
4,12,18289278115389787064,no_signature,0.0,0.0,0.0,11.243789057945833,2.003659346614021,0.0,0.0,0.0,True
4,13,6158307306230503354,no_signature,0.0,0.0,0.0,21.902205658960156,1.9659232118259222,0.0,0.0,0.0,True
4,13,14448762991466962236,no_signature,0.0,0.0,0.0,22.048904825001955,1.9876515941497999,0.0,0.0,0.0,True
4,13,14972093103993441844,no_signature,0.0,0.0,0.0,22.26117247203365,2.038129859077283,0.0,0.0,0.0,True
4,13,2668457220411637638,no_signature,0.0,0.0,0.0,22.364779935916886,2.0021265345259596,0.0,0.0,0.0,True
4,13,18289278115389787064,no_signature,0.0,0.0,0.0,10.764092246070504,2.038314183299153,0.0,0.0,0.0,True
4,14,6158307306230503354,no_signature,0.0,0.0,0.0,27.078498244984075,2.0027696716899688,0.0,0.0,0.0,True
4,14,14972093103993441844,no_signature,0.0,0.0,0.0,27.347184034995735,2.028805551056664,0.0,0.0,0.0,True
4,14,14448762991466962236,no_signature,0.0,0.0,0.0,27.59552620095201,2.0111175962149526,0.0,0.0,0.0,True
4,14,2668457220411637638,no_signature,0.0,0.0,0.0,27.5462865390582,2.0735782780967202,0.0,0.0,0.0,True
4,14,18289278115389787064,no_signature,0.0,0.0,0.0,10.727878781035542,2.037854454007012,0.0,0.0,0.0,True
4,15,2668457220411637638,no_signature,0.0,0.0,0.0,22.48031512601301,2.0041414762076477,0.0,0.0,0.0,True
4,15,14972093103993441844,no_signature,0.0,0.0,0.0,22.78731595200952,2.0519389393992316,0.0,0.0,0.0,True
4,15,6158307306230503354,no_signature,0.0,0.0,0.0,22.792805330012925,2.0103772135969167,0.0,0.0,0.0,True
4,15,14448762991466962236,no_signature,0.0,0.0,0.0,22.747545175952837,1.9880444375089943,0.0,0.0,0.0,True
4,15,18289278115389787064,no_signature,0.0,0.0,0.0,11.157577004982159,2.0340141888243704,0.0,0.0,0.0,True
4,16,6158307306230503354,no_signature,0.0,0.0,0.0,24.42112396901939,2.09588441338402,0.0,0.0,0.0,True
4,16,2668457220411637638,no_signature,0.0,0.0,0.0,24.526464355993085,1.971796919743474,0.0,0.0,0.0,True
4,16,14448762991466962236,no_signature,0.0,0.0,0.0,24.61386552802287,1.9882977701985418,0.0,0.0,0.0,True
4,16,14972093103993441844,no_signature,0.0,0.0,0.0,24.552628141012974,2.0246602300637826,0.0,0.0,0.0,True
4,16,18289278115389787064,no_signature,0.0,0.0,0.0,11.19511854404118,2.0282970240321783,0.0,0.0,0.0,True
4,17,6158307306230503354,no_signature,0.0,0.0,0.0,22.579611429944634,2.024053217123111,0.0,0.0,0.0,True
4,17,14972093103993441844,no_signature,0.0,0.0,0.0,22.726175372023135,1.9940715734951031,0.0,0.0,0.0,True
4,17,2668457220411637638,no_signature,0.0,0.0,0.0,22.778207186958753,2.0497527834706415,0.0,0.0,0.0,True
4,17,14448762991466962236,no_signature,0.0,0.0,0.0,22.779810282052495,2.0330383625274266,0.0,0.0,0.0,True
4,17,18289278115389787064,no_signature,0.0,0.0,0.0,10.726030265912414,2.0104949965644567,0.0,0.0,0.0,True
4,18,2668457220411637638,no_signature,0.0,0.0,0.0,23.23013230599463,1.96603168847081,0.0,0.0,0.0,True
4,18,14448762991466962236,no_signature,0.0,0.0,0.0,23.192295512068085,2.092291051587358,0.0,0.0,0.0,True
4,18,14972093103993441844,no_signature,0.0,0.0,0.0,23.212832616991363,2.010542406822546,0.0,0.0,0.0,True
4,18,6158307306230503354,no_signature,0.0,0.0,0.0,23.3510202759644,1.985110825623948,0.0,0.0,0.0,True
4,18,18289278115389787064,no_signature,0.0,0.0,0.0,10.98421427491121,1.9977901240888114,0.0,0.0,0.0,True
4,19,14448762991466962236,no_signature,0.0,0.0,0.0,24.226705738925375,2.1711574145399344,0.0,0.0,0.0,True
4,19,14972093103993441844,no_signature,0.0,0.0,0.0,24.438022457063198,2.0172281966041834,0.0,0.0,0.0,True
4,19,6158307306230503354,no_signature,0.0,0.0,0.0,24.43238715804182,2.1363905458785473,0.0,0.0,0.0,True
4,19,2668457220411637638,no_signature,0.0,0.0,0.0,24.809078552993014,2.0761093430625746,0.0,0.0,0.0,True
4,19,18289278115389787064,no_signature,0.0,0.0,0.0,11.338039149995893,2.0006470927796043,0.0,0.0,0.0,True
4,20,14448762991466962236,no_signature,0.0,0.0,0.0,27.810067208949476,2.0152235495777555,0.0,0.0,0.0,True
4,20,2668457220411637638,no_signature,0.0,0.0,0.0,28.492984705022536,2.0981692928856552,0.0,0.0,0.0,True
4,20,14972093103993441844,no_signature,0.0,0.0,0.0,28.530157546978444,2.001143831033676,0.0,0.0,0.0,True
4,20,6158307306230503354,no_signature,0.0,0.0,0.0,28.938718051998876,2.0124508321475676,0.0,0.0,0.0,True
4,20,18289278115389787064,no_signature,0.0,0.0,0.0,12.231704858015291,1.9846306403224079,0.0,0.0,0.0,True
4,21,6158307306230503354,no_signature,0.0,0.0,0.0,24.091428586980328,1.9937268240383257,0.0,0.0,0.0,True
4,21,14448762991466962236,no_signature,0.0,0.0,0.0,24.269023015047424,2.068668510967169,0.0,0.0,0.0,True
4,21,14972093103993441844,no_signature,0.0,0.0,0.0,24.69037467194721,2.208084805704915,0.0,0.0,0.0,True
4,21,2668457220411637638,no_signature,0.0,0.0,0.0,24.73629908496514,3.112657719526809,0.0,0.0,0.0,True
4,21,18289278115389787064,no_signature,0.0,0.0,0.0,11.030807766015641,2.8233270332836113,0.0,0.0,0.0,True
4,22,6158307306230503354,no_signature,0.0,0.0,0.0,26.55129479407333,2.3160671608897445,0.0,0.0,0.0,True
4,22,14448762991466962236,no_signature,0.0,0.0,0.0,26.50748522602953,2.315813903229686,0.0,0.0,0.0,True
4,22,14972093103993441844,no_signature,0.0,0.0,0.0,26.87673125101719,2.317501675968353,0.0,0.0,0.0,True
4,22,2668457220411637638,no_signature,0.0,0.0,0.0,27.199757294962183,2.3158097046251878,0.0,0.0,0.0,True
4,22,18289278115389787064,no_signature,0.0,0.0,0.0,11.905893280985765,2.318944434388377,0.0,0.0,0.0,True
4,23,14448762991466962236,no_signature,0.0,0.0,0.0,23.122065228992142,2.3107267233510367,0.0,0.0,0.0,True
4,23,14972093103993441844,no_signature,0.0,0.0,0.0,23.40912618592847,2.3113898560642814,0.0,0.0,0.0,True
4,23,6158307306230503354,no_signature,0.0,0.0,0.0,23.33633425505832,2.310471265841597,0.0,0.0,0.0,True
4,23,2668457220411637638,no_signature,0.0,0.0,0.0,23.53857559291646,2.311087576345133,0.0,0.0,0.0,True
4,23,18289278115389787064,no_signature,0.0,0.0,0.0,11.217380721936934,2.312552905311219,0.0,0.0,0.0,True
4,24,6158307306230503354,no_signature,0.0,0.0,0.0,23.181131326011382,2.3094299890743657,0.0,0.0,0.0,True
4,24,14972093103993441844,no_signature,0.0,0.0,0.0,23.57839817297645,2.3096521639595395,0.0,0.0,0.0,True
4,24,2668457220411637638,no_signature,0.0,0.0,0.0,23.700633881962858,2.3097910622057443,0.0,0.0,0.0,True
4,24,14448762991466962236,no_signature,0.0,0.0,0.0,24.19732647005003,2.3096309911709625,0.0,0.0,0.0,True
4,24,18289278115389787064,no_signature,0.0,0.0,0.0,11.347385975066572,2.31082271387021,0.0,0.0,0.0,True
4,25,2668457220411637638,no_signature,0.0,0.0,0.0,24.265104786027223,2.309822426055567,0.0,0.0,0.0,True
4,25,14448762991466962236,no_signature,0.0,0.0,0.0,24.389315807027742,2.3096334949469033,0.0,0.0,0.0,True
4,25,6158307306230503354,no_signature,0.0,0.0,0.0,24.533033223939128,2.309411105256492,0.0,0.0,0.0,True
4,25,14972093103993441844,no_signature,0.0,0.0,0.0,24.738154812017456,2.3096753263625853,0.0,0.0,0.0,True
4,25,18289278115389787064,no_signature,0.0,0.0,0.0,11.368847621954046,2.310816561452116,0.0,0.0,0.0,True
4,26,14972093103993441844,no_signature,0.0,0.0,0.0,25.34923004906159,2.309675321792261,0.0,0.0,0.0,True
4,26,6158307306230503354,no_signature,0.0,0.0,0.0,25.361392947961576,2.30941110297133,0.0,0.0,0.0,True
4,26,2668457220411637638,no_signature,0.0,0.0,0.0,25.562939270981587,2.30982241843836,0.0,0.0,0.0,True
4,26,14448762991466962236,no_signature,0.0,0.0,0.0,25.560520506929606,2.309633494185183,0.0,0.0,0.0,True
4,26,18289278115389787064,no_signature,0.0,0.0,0.0,11.449797132983804,2.3108165599286745,0.0,0.0,0.0,True
4,27,6158307306230503354,no_signature,0.0,0.0,0.0,24.44113222695887,2.309411102209609,0.0,0.0,0.0,True
4,27,14972093103993441844,no_signature,0.0,0.0,0.0,24.620010855025612,2.3096753195070994,0.0,0.0,0.0,True
4,27,14448762991466962236,no_signature,0.0,0.0,0.0,24.73200859199278,2.3096334865679755,0.0,0.0,0.0,True
4,27,2668457220411637638,no_signature,0.0,0.0,0.0,25.079532420961186,2.309822423770405,0.0,0.0,0.0,True
4,27,18289278115389787064,no_signature,0.0,0.0,0.0,10.80115134397056,2.310816561452116,0.0,0.0,0.0,True
4,28,14972093103993441844,no_signature,0.0,0.0,0.0,23.514288409030996,2.309675324839144,0.0,0.0,0.0,True
4,28,6158307306230503354,no_signature,0.0,0.0,0.0,23.99422604998108,2.3094111121119782,0.0,0.0,0.0,True
4,28,14448762991466962236,no_signature,0.0,0.0,0.0,24.195998592069373,2.309633494185183,0.0,0.0,0.0,True
4,28,2668457220411637638,no_signature,0.0,0.0,0.0,24.234824044979177,2.3098224192000805,0.0,0.0,0.0,True
4,28,18289278115389787064,no_signature,0.0,0.0,0.0,10.710280801984482,2.310816562213837,0.0,0.0,0.0,True
4,29,6158307306230503354,no_signature,0.0,0.0,0.0,21.98894444294274,2.3094111083033746,0.0,0.0,0.0,True
4,29,14972093103993441844,no_signature,0.0,0.0,0.0,22.111664992989972,2.30967532026882,0.0,0.0,0.0,True
4,29,2668457220411637638,no_signature,0.0,0.0,0.0,22.06681252992712,2.3098224146297563,0.0,0.0,0.0,True
4,29,14448762991466962236,no_signature,0.0,0.0,0.0,22.166869038017467,2.3096334972320656,0.0,0.0,0.0,True
4,29,18289278115389787064,no_signature,0.0,0.0,0.0,11.136530340998434,2.310816564498999,0.0,0.0,0.0,True
4,30,14448762991466962236,no_signature,0.0,0.0,0.0,23.085764040937647,2.3096334949469033,0.0,0.0,0.0,True
4,30,14972093103993441844,no_signature,0.0,0.0,0.0,23.387000794988126,2.309675321792261,0.0,0.0,0.0,True
4,30,6158307306230503354,no_signature,0.0,0.0,0.0,23.371206470998004,2.309411109826816,0.0,0.0,0.0,True
4,30,2668457220411637638,no_signature,0.0,0.0,0.0,23.490248412941583,2.3098224252938464,0.0,0.0,0.0,True
4,30,18289278115389787064,no_signature,0.0,0.0,0.0,10.85908455203753,2.3108165561200713,0.0,0.0,0.0,True
5,1,11536270557715889575,no_signature,0.0,0.0,0.0,23.057258618995547,2.206281206097466,0.0,0.0,0.0,True
5,1,8896600431502067929,no_signature,0.0,0.0,0.0,22.896464767982252,2.2147342122781772,0.0,0.0,0.0,True
5,1,4277396517126892960,no_signature,0.0,0.0,0.0,23.357802429934964,2.2029727369832535,0.0,0.0,0.0,True
5,1,1053584731974448910,no_signature,0.0,0.0,0.0,23.38430952897761,2.135937361671521,0.0,0.0,0.0,True
5,1,7580105262930357980,no_signature,0.0,0.0,0.0,11.107754947966896,2.1265843051691027,0.0,0.0,0.0,True
5,2,1053584731974448910,no_signature,0.0,0.0,0.0,23.03470039390959,2.0170349134043004,0.0,0.0,0.0,True
5,2,4277396517126892960,no_signature,0.0,0.0,0.0,23.117598871001974,2.049429986042717,0.0,0.0,0.0,True
5,2,11536270557715889575,no_signature,0.0,0.0,0.0,23.232033714069985,2.160747926456098,0.0,0.0,0.0,True
5,2,8896600431502067929,no_signature,0.0,0.0,0.0,23.30232886399608,2.0248445032503657,0.0,0.0,0.0,True
5,2,7580105262930357980,no_signature,0.0,0.0,0.0,10.874244164908305,2.0341720044041596,0.0,0.0,0.0,True
5,3,1053584731974448910,no_signature,0.0,0.0,0.0,22.477228490985,1.9388251959706266,0.0,0.0,0.0,True
5,3,8896600431502067929,no_signature,0.0,0.0,0.0,22.520357139059342,1.9536521762323837,0.0,0.0,0.0,True
5,3,11536270557715889575,no_signature,0.0,0.0,0.0,22.35131450695917,1.9781054254537953,0.0,0.0,0.0,True
5,3,4277396517126892960,no_signature,0.0,0.0,0.0,22.732063694973476,1.9643870104616061,0.0,0.0,0.0,True
5,3,7580105262930357980,no_signature,0.0,0.0,0.0,11.166017067036591,1.9594299161015227,0.0,0.0,0.0,True
5,4,1053584731974448910,no_signature,0.0,0.0,0.0,23.95546694996301,1.9205936570517934,0.0,0.0,0.0,True
5,4,4277396517126892960,no_signature,0.0,0.0,0.0,24.060947607038543,1.964357450366401,0.0,0.0,0.0,True
5,4,8896600431502067929,no_signature,0.0,0.0,0.0,24.18191574397497,1.9211311035643752,0.0,0.0,0.0,True
5,4,11536270557715889575,no_signature,0.0,0.0,0.0,24.368534805020317,1.9437826228217956,0.0,0.0,0.0,True
5,4,7580105262930357980,no_signature,0.0,0.0,0.0,11.172020626952872,1.9219806578974374,0.0,0.0,0.0,True
5,5,4277396517126892960,no_signature,0.0,0.0,0.0,22.76381970802322,1.9297069832920648,0.0,0.0,0.0,True
5,5,8896600431502067929,no_signature,0.0,0.0,0.0,22.682134394999593,1.8911133833205738,0.0,0.0,0.0,True
5,5,11536270557715889575,no_signature,0.0,0.0,0.0,22.83998213801533,1.91456263133893,0.0,0.0,0.0,True
5,5,1053584731974448910,no_signature,0.0,0.0,0.0,22.837341282051057,1.8629840162996285,0.0,0.0,0.0,True
5,5,7580105262930357980,no_signature,0.0,0.0,0.0,10.866453028982505,1.9073913169745058,0.0,0.0,0.0,True
5,6,11536270557715889575,no_signature,0.0,0.0,0.0,23.212208021082915,1.862478394477893,0.0,0.0,0.0,True
5,6,1053584731974448910,no_signature,0.0,0.0,0.0,23.494749158038758,1.8406189306856344,0.0,0.0,0.0,True
5,6,4277396517126892960,no_signature,0.0,0.0,0.0,23.370474179973826,1.8368674996561898,0.0,0.0,0.0,True
5,6,8896600431502067929,no_signature,0.0,0.0,0.0,23.50629839708563,1.8686580486571827,0.0,0.0,0.0,True
5,6,7580105262930357980,no_signature,0.0,0.0,0.0,11.133398371981457,1.857484891772651,0.0,0.0,0.0,True
5,7,4277396517126892960,no_signature,0.0,0.0,0.0,22.634859464946203,1.8347983661170204,0.0,0.0,0.0,True
5,7,8896600431502067929,no_signature,0.0,0.0,0.0,23.074243608047254,1.8436195614238897,0.0,0.0,0.0,True
5,7,1053584731974448910,no_signature,0.0,0.0,0.0,23.08543064398691,1.8603414955992288,0.0,0.0,0.0,True
5,7,11536270557715889575,no_signature,0.0,0.0,0.0,23.2545040800469,1.8674672186945955,0.0,0.0,0.0,True
5,7,7580105262930357980,no_signature,0.0,0.0,0.0,11.38767471909523,1.8384042307972528,0.0,0.0,0.0,True
5,8,1053584731974448910,no_signature,0.0,0.0,0.0,23.483539788983762,1.838302830537668,0.0,0.0,0.0,True
5,8,11536270557715889575,no_signature,0.0,0.0,0.0,23.389263391960412,1.8288779704334637,0.0,0.0,0.0,True
5,8,8896600431502067929,no_signature,0.0,0.0,0.0,23.531377505976707,1.8371245278337132,0.0,0.0,0.0,True
5,8,4277396517126892960,no_signature,0.0,0.0,0.0,23.795298501034267,1.8677894973907228,0.0,0.0,0.0,True
5,8,7580105262930357980,no_signature,0.0,0.0,0.0,11.00571758998558,1.8406042058627827,0.0,0.0,0.0,True
5,9,1053584731974448910,no_signature,0.0,0.0,0.0,24.87416065495927,1.8183989966639316,0.0,0.0,0.0,True
5,9,11536270557715889575,no_signature,0.0,0.0,0.0,25.11473838693928,1.8379260213992086,0.0,0.0,0.0,True
5,9,4277396517126892960,no_signature,0.0,0.0,0.0,25.23261956393253,1.8233951840537805,0.0,0.0,0.0,True
5,9,8896600431502067929,no_signature,0.0,0.0,0.0,25.209242388023995,1.852507866990452,0.0,0.0,0.0,True
5,9,7580105262930357980,no_signature,0.0,0.0,0.0,10.983738503884524,1.830728293607791,0.0,0.0,0.0,True
5,10,4277396517126892960,no_signature,0.0,0.0,0.0,24.63097314594779,1.8076359536320257,0.0,0.0,0.0,True
5,10,11536270557715889575,no_signature,0.0,0.0,0.0,24.64275307196658,1.8178527206658555,0.0,0.0,0.0,True
5,10,8896600431502067929,no_signature,0.0,0.0,0.0,24.919410113012418,1.81484015262165,0.0,0.0,0.0,True
5,10,1053584731974448910,no_signature,0.0,0.0,0.0,25.136405005003326,1.7840767603712722,0.0,0.0,0.0,True
5,10,7580105262930357980,no_signature,0.0,0.0,0.0,11.67448358493857,1.8036530204474355,0.0,0.0,0.0,True
5,11,8896600431502067929,no_signature,0.0,0.0,0.0,24.831583859981038,1.81168452924052,0.0,0.0,0.0,True
5,11,11536270557715889575,no_signature,0.0,0.0,0.0,24.930341289029457,1.8113405826373603,0.0,0.0,0.0,True
5,11,4277396517126892960,no_signature,0.0,0.0,0.0,25.02015218604356,1.8007929039458497,0.0,0.0,0.0,True
5,11,1053584731974448910,no_signature,0.0,0.0,0.0,25.09630560700316,1.8182412168850153,0.0,0.0,0.0,True
5,11,7580105262930357980,no_signature,0.0,0.0,0.0,11.401816133060493,1.798608560531665,0.0,0.0,0.0,True
5,12,11536270557715889575,no_signature,0.0,0.0,0.0,24.355324461008422,1.825134307812578,0.0,0.0,0.0,True
5,12,4277396517126892960,no_signature,0.0,0.0,0.0,24.769923869986087,1.874689889411195,0.0,0.0,0.0,True
5,12,1053584731974448910,no_signature,0.0,0.0,0.0,24.757744004949927,1.83868606250507,0.0,0.0,0.0,True
5,12,8896600431502067929,no_signature,0.0,0.0,0.0,24.874459615908563,1.8230629092969073,0.0,0.0,0.0,True
5,12,7580105262930357980,no_signature,0.0,0.0,0.0,12.519747968064621,1.8137678353550335,0.0,0.0,0.0,True
5,13,1053584731974448910,no_signature,0.0,0.0,0.0,33.08070324908476,1.7930404423905637,0.0,0.0,0.0,True
5,13,11536270557715889575,no_signature,0.0,0.0,0.0,33.23667262599338,1.814916657944457,0.0,0.0,0.0,True
5,13,4277396517126892960,no_signature,0.0,0.0,0.0,33.29878874705173,1.8318267782656148,0.0,0.0,0.0,True
5,13,8896600431502067929,no_signature,0.0,0.0,0.0,33.43181585799903,1.803840174461706,0.0,0.0,0.0,True
5,13,7580105262930357980,no_signature,0.0,0.0,0.0,12.405950729968026,1.7959915963224709,0.0,0.0,0.0,True
5,14,1053584731974448910,no_signature,0.0,0.0,0.0,27.223828679998405,1.787678074912903,0.0,0.0,0.0,True
5,14,11536270557715889575,no_signature,0.0,0.0,0.0,27.140116104041226,1.7878376287393296,0.0,0.0,0.0,True
5,14,4277396517126892960,no_signature,0.0,0.0,0.0,27.305783612071536,1.7978324996777617,0.0,0.0,0.0,True
5,14,8896600431502067929,no_signature,0.0,0.0,0.0,27.398175279027782,1.773628856046512,0.0,0.0,0.0,True
5,14,7580105262930357980,no_signature,0.0,0.0,0.0,12.486835281946696,1.7742908850264625,0.0,0.0,0.0,True
5,15,1053584731974448910,no_signature,0.0,0.0,0.0,26.625686558079906,1.7676345273709526,0.0,0.0,0.0,True
5,15,11536270557715889575,no_signature,0.0,0.0,0.0,26.87588680605404,1.765772447418481,0.0,0.0,0.0,True
5,15,8896600431502067929,no_signature,0.0,0.0,0.0,27.209171016002074,1.7432364846189943,0.0,0.0,0.0,True
5,15,4277396517126892960,no_signature,0.0,0.0,0.0,27.303106381907128,1.7931804618896388,0.0,0.0,0.0,True
5,15,7580105262930357980,no_signature,0.0,0.0,0.0,11.849555567023344,1.7678124615178703,0.0,0.0,0.0,True
5,16,1053584731974448910,no_signature,0.0,0.0,0.0,28.30681827000808,1.7264086598405441,0.0,0.0,0.0,True
5,16,8896600431502067929,no_signature,0.0,0.0,0.0,28.495136826997623,1.7690183251810532,0.0,0.0,0.0,True
5,16,4277396517126892960,no_signature,0.0,0.0,0.0,28.798788688029163,1.775219455694619,0.0,0.0,0.0,True
5,16,11536270557715889575,no_signature,0.0,0.0,0.0,29.01682116801385,1.7661378090374005,0.0,0.0,0.0,True
5,16,7580105262930357980,no_signature,0.0,0.0,0.0,12.02566528506577,1.7782238165791424,0.0,0.0,0.0,True
5,17,11536270557715889575,no_signature,0.0,0.0,0.0,26.74833186797332,1.7694639843492843,0.0,0.0,0.0,True
5,17,1053584731974448910,no_signature,0.0,0.0,0.0,27.249004852958024,1.7368247985078122,0.0,0.0,0.0,True
5,17,4277396517126892960,no_signature,0.0,0.0,0.0,27.330966921988875,1.7509704222694373,0.0,0.0,0.0,True
5,17,8896600431502067929,no_signature,0.0,0.0,0.0,27.7247931889724,1.7351619808818586,0.0,0.0,0.0,True
5,17,7580105262930357980,no_signature,0.0,0.0,0.0,11.70153662096709,1.74274427022416,0.0,0.0,0.0,True
5,18,11536270557715889575,no_signature,0.0,0.0,0.0,26.60425157903228,1.7352675534665776,0.0,0.0,0.0,True
5,18,4277396517126892960,no_signature,0.0,0.0,0.0,26.743092320975848,1.7489276732118746,0.0,0.0,0.0,True
5,18,8896600431502067929,no_signature,0.0,0.0,0.0,26.696276547037996,1.7535006131607884,0.0,0.0,0.0,True
5,18,1053584731974448910,no_signature,0.0,0.0,0.0,27.059146212995984,1.7062083391335825,0.0,0.0,0.0,True
5,18,7580105262930357980,no_signature,0.0,0.0,0.0,11.893118995940313,1.7382151852019678,0.0,0.0,0.0,True
5,19,4277396517126892960,no_signature,0.0,0.0,0.0,25.617170483921655,1.7190598969261486,0.0,0.0,0.0,True
5,19,11536270557715889575,no_signature,0.0,0.0,0.0,25.690419008024037,1.7172020056758064,0.0,0.0,0.0,True
5,19,1053584731974448910,no_signature,0.0,0.0,0.0,25.630737453931943,1.7095000252556116,0.0,0.0,0.0,True
5,19,8896600431502067929,no_signature,0.0,0.0,0.0,25.65180760191288,1.7175515471175076,0.0,0.0,0.0,True
5,19,7580105262930357980,no_signature,0.0,0.0,0.0,11.300443302025087,1.7542574500885253,0.0,0.0,0.0,True
5,20,4277396517126892960,no_signature,0.0,0.0,0.0,27.832377770915627,1.7480506295213303,0.0,0.0,0.0,True
5,20,11536270557715889575,no_signature,0.0,0.0,0.0,28.67930860002525,1.7423415092614511,0.0,0.0,0.0,True
5,20,1053584731974448910,no_signature,0.0,0.0,0.0,28.887874958920293,1.720229023561691,0.0,0.0,0.0,True
5,20,8896600431502067929,no_signature,0.0,0.0,0.0,29.02955814206507,1.7106536310701705,0.0,0.0,0.0,True
5,20,7580105262930357980,no_signature,0.0,0.0,0.0,12.53445139399264,1.6973267119532576,0.0,0.0,0.0,True
5,21,11536270557715889575,no_signature,0.0,0.0,0.0,25.92052663094364,1.7212685700803518,0.0,0.0,0.0,True
5,21,4277396517126892960,no_signature,0.0,0.0,0.0,26.603636218002066,1.7039169865294386,0.0,0.0,0.0,True
5,21,1053584731974448910,no_signature,0.0,0.0,0.0,26.898193210014142,1.6839040300716608,0.0,0.0,0.0,True
5,21,8896600431502067929,no_signature,0.0,0.0,0.0,26.95341129496228,1.7046921108477413,0.0,0.0,0.0,True
5,21,7580105262930357980,no_signature,0.0,0.0,0.0,13.224421003018506,1.7063549387569246,0.0,0.0,0.0,True
5,22,4277396517126892960,no_signature,0.0,0.0,0.0,24.428887239075266,1.6839876369165536,0.0,0.0,0.0,True
5,22,8896600431502067929,no_signature,0.0,0.0,0.0,24.600364423007704,1.6805685910934838,0.0,0.0,0.0,True
5,22,11536270557715889575,no_signature,0.0,0.0,0.0,24.611014532041736,1.7081474488535628,0.0,0.0,0.0,True
5,22,1053584731974448910,no_signature,0.0,0.0,0.0,24.80197137396317,1.7072962004536638,0.0,0.0,0.0,True
5,22,7580105262930357980,no_signature,0.0,0.0,0.0,11.12358153401874,1.6674090810477162,0.0,0.0,0.0,True
5,23,11536270557715889575,no_signature,0.0,0.0,0.0,23.804157963953912,1.7080927691139733,0.0,0.0,0.0,True
5,23,4277396517126892960,no_signature,0.0,0.0,0.0,23.73666739894543,1.7136705439692488,0.0,0.0,0.0,True
5,23,1053584731974448910,no_signature,0.0,0.0,0.0,24.108298696926795,1.6731362605628115,0.0,0.0,0.0,True
5,23,8896600431502067929,no_signature,0.0,0.0,0.0,24.13962753303349,1.6949659631656,0.0,0.0,0.0,True
5,23,7580105262930357980,no_signature,0.0,0.0,0.0,11.120832607964985,1.7214720740485876,0.0,0.0,0.0,True
5,24,11536270557715889575,no_signature,0.0,0.0,0.0,23.847248050034977,1.7071156440832365,0.0,0.0,0.0,True
5,24,1053584731974448910,no_signature,0.0,0.0,0.0,23.84176354308147,1.6933181670527109,0.0,0.0,0.0,True
5,24,8896600431502067929,no_signature,0.0,0.0,0.0,23.794881964917295,1.6822048315224938,0.0,0.0,0.0,True
5,24,4277396517126892960,no_signature,0.0,0.0,0.0,24.23601713194512,1.6721440351809176,0.0,0.0,0.0,True
5,24,7580105262930357980,no_signature,0.0,0.0,0.0,10.941979176946916,1.675721168137206,0.0,0.0,0.0,True
5,25,8896600431502067929,no_signature,0.0,0.0,0.0,23.103690493036993,1.706762692037101,0.0,0.0,0.0,True
5,25,1053584731974448910,no_signature,0.0,0.0,0.0,23.2331546099158,1.677432495184219,0.0,0.0,0.0,True
5,25,4277396517126892960,no_signature,0.0,0.0,0.0,23.063262699986808,1.7171067109884925,0.0,0.0,0.0,True
5,25,11536270557715889575,no_signature,0.0,0.0,0.0,23.15929659199901,1.7278614897316638,0.0,0.0,0.0,True
5,25,7580105262930357980,no_signature,0.0,0.0,0.0,10.677561790915206,1.7046693913852826,0.0,0.0,0.0,True
5,26,4277396517126892960,no_signature,0.0,0.0,0.0,23.671422700048424,1.6867995041246993,0.0,0.0,0.0,True
5,26,1053584731974448910,no_signature,0.0,0.0,0.0,23.799337611999363,1.6614760038570855,0.0,0.0,0.0,True
5,26,11536270557715889575,no_signature,0.0,0.0,0.0,23.92909421294462,1.6797567331752838,0.0,0.0,0.0,True
5,26,8896600431502067929,no_signature,0.0,0.0,0.0,23.910842775949277,1.688209144832989,0.0,0.0,0.0,True
5,26,7580105262930357980,no_signature,0.0,0.0,0.0,10.692738226964138,1.7028491858857127,0.0,0.0,0.0,True
5,27,11536270557715889575,no_signature,0.0,0.0,0.0,21.205787168000825,1.6966185592614804,0.0,0.0,0.0,True
5,27,4277396517126892960,no_signature,0.0,0.0,0.0,21.416640037088655,1.7033526097623686,0.0,0.0,0.0,True
5,27,1053584731974448910,no_signature,0.0,0.0,0.0,21.52732846699655,1.6310818747590525,0.0,0.0,0.0,True
5,27,8896600431502067929,no_signature,0.0,0.0,0.0,21.60724806005601,1.6697627816337366,0.0,0.0,0.0,True
5,27,7580105262930357980,no_signature,0.0,0.0,0.0,10.63305597694125,1.7128576127865824,0.0,0.0,0.0,True
5,28,1053584731974448910,no_signature,0.0,0.0,0.0,22.767626147018746,1.6750253743637864,0.0,0.0,0.0,True
5,28,4277396517126892960,no_signature,0.0,0.0,0.0,22.98580054997001,1.6711550829128716,0.0,0.0,0.0,True
5,28,8896600431502067929,no_signature,0.0,0.0,0.0,23.499946160940453,1.6894891460101826,0.0,0.0,0.0,True
5,28,11536270557715889575,no_signature,0.0,0.0,0.0,23.41587058803998,1.697766368000652,0.0,0.0,0.0,True
5,28,7580105262930357980,no_signature,0.0,0.0,0.0,10.583320257952437,1.7128611452663287,0.0,0.0,0.0,True
5,29,4277396517126892960,no_signature,0.0,0.0,0.0,22.622355545987375,1.7094986130254337,0.0,0.0,0.0,True
5,29,1053584731974448910,no_signature,0.0,0.0,0.0,22.655386739992537,1.6374162214632613,0.0,0.0,0.0,True
5,29,8896600431502067929,no_signature,0.0,0.0,0.0,22.717552835936658,1.6763015109510087,0.0,0.0,0.0,True
5,29,11536270557715889575,no_signature,0.0,0.0,0.0,22.849923356086947,1.6715504346183314,0.0,0.0,0.0,True
5,29,7580105262930357980,no_signature,0.0,0.0,0.0,10.604714195011184,1.6717793922454784,0.0,0.0,0.0,True
5,30,11536270557715889575,no_signature,0.0,0.0,0.0,22.449976456002332,1.7015662231384374,0.0,0.0,0.0,True
5,30,4277396517126892960,no_signature,0.0,0.0,0.0,22.39197964698542,1.6712358074066358,0.0,0.0,0.0,True
5,30,1053584731974448910,no_signature,0.0,0.0,0.0,22.896408969070762,1.62846326904175,0.0,0.0,0.0,True
5,30,8896600431502067929,no_signature,0.0,0.0,0.0,22.952043082914315,1.6780557601977462,0.0,0.0,0.0,True
5,30,7580105262930357980,no_signature,0.0,0.0,0.0,10.682592524914071,1.6955197843880698,0.0,0.0,0.0,True
