scheme,run,round,crypto_cost_round,train_cost_round,crypto_fraction
ECDSA-256,1,1,0.0212634182535103,98.25512120197527,0.00021636345634486773
ECDSA-256,1,2,0.0024846275337033997,98.2728376952,2.528231375872719e-05
ECDSA-256,1,3,0.0023397947661573,100.02610484557226,2.3391294092098002e-05
ECDSA-256,1,4,0.0029407581314437,100.35375326196663,2.9303059055081718e-05
ECDSA-256,1,5,0.0029585224110627003,97.87852948904037,3.0225556141081286e-05
ECDSA-256,1,6,0.0026113372296088,102.14060027524829,2.5565450590255347e-05
ECDSA-256,1,7,0.0029365781228982,101.05783919198437,2.905754582349851e-05
ECDSA-256,1,8,0.0025366079062217,97.09822633932345,2.612346009680937e-05
ECDSA-256,1,9,0.0025920679327092,101.69140024157241,2.5488899332619914e-05
ECDSA-256,1,10,0.0026829482521857,99.11925901309587,2.7067147788850805e-05
ECDSA-256,1,11,0.0024987992364907,99.95030726282857,2.499979075063772e-05
ECDSA-256,1,12,0.0026120548136523997,101.16645400109701,2.5818710357658718e-05
ECDSA-256,1,13,0.0028085494413964997,99.21359717915766,2.83073088646159e-05
ECDSA-256,1,14,0.0025819768197828,98.71604667208159,2.6154909717858346e-05
ECDSA-256,1,15,0.0026962182018899,100.81687783706002,2.6743003302236036e-05
ECDSA-256,1,16,0.0026378273032597,97.7438561571762,2.6986413483828318e-05
ECDSA-256,1,17,0.0025216713547700003,98.96204884001054,2.548054664149132e-05
ECDSA-256,1,18,0.0023478188086294,100.20435197767802,2.34297588224906e-05
ECDSA-256,1,19,0.0027510335203251,99.32347384910099,2.7696950363070087e-05
ECDSA-256,1,20,0.0028413354884826,100.2744130617939,2.8334795418567055e-05
ECDSA-256,1,21,0.0026214909739784003,101.08442155714147,2.5933006792281202e-05
ECDSA-256,1,22,0.0024849013425402,99.6932527096942,2.492485037058506e-05
ECDSA-256,1,23,0.0025423788465550002,101.17190284561367,2.5128666047188242e-05
ECDSA-256,1,24,0.0024585633072994,99.58063853741623,2.4688560397079044e-05
ECDSA-256,1,25,0.0025257819797836,99.82331639225595,2.530188501064792e-05
ECDSA-256,1,26,0.0023702285252503,101.1546682252083,2.343117751845194e-05
ECDSA-256,1,27,0.0026915972121053003,100.37290000682697,2.6815256269901692e-05
ECDSA-256,1,28,0.0029950737953179,100.80879301251844,2.970955929036351e-05
ECDSA-256,1,29,0.0024773473851375,101.14383841422386,2.449271005556289e-05
ECDSA-256,1,30,0.0025551693979642,99.56584433373064,2.5662453255401706e-05
ECDSA-256,2,1,0.0240818627644322,100.88099938142113,0.00023865857365651608
ECDSA-256,2,2,0.0024413925129914,101.92236862238497,2.3952877740312206e-05
ECDSA-256,2,3,0.0025456959847354,99.28818239201792,2.563880871614837e-05
ECDSA-256,2,4,0.0025565209798507,98.49096254608594,2.595623553779132e-05
ECDSA-256,2,5,0.0026937136426558998,101.26648461772129,2.6599540818251443e-05
ECDSA-256,2,6,0.0026089658495033,99.9736231402494,2.6095860931571795e-05
ECDSA-256,2,7,0.0030349851585917,99.90046482835896,3.0379167539244185e-05
ECDSA-256,2,8,0.0025800203438842,100.65158402523957,2.5632524678420466e-05
ECDSA-256,2,9,0.0026499768719071,99.54081393778324,2.6621304580872244e-05
ECDSA-256,2,10,0.0024214468430721003,99.00002081971616,2.4458455646502874e-05
ECDSA-256,2,11,0.0024384576827281,102.37522729299963,2.3818258258265157e-05
ECDSA-256,2,12,0.0030503575690085,99.17219843785278,3.075724645068209e-05
ECDSA-256,2,13,0.0028939661569888,99.07462454307824,2.920911020514757e-05
ECDSA-256,2,14,0.0025711634661996,101.4340638697613,2.5347483829263132e-05
ECDSA-256,2,15,0.0025088307447723003,100.95455582998693,2.4850472358752482e-05
ECDSA-256,2,16,0.0028091638814649,99.93467723135836,2.810921089564951e-05
ECDSA-256,2,17,0.0025972628500305003,101.67428909428418,2.55442799547162e-05
ECDSA-256,2,18,0.0026954349596046,99.48287665029056,2.7093727292384215e-05
ECDSA-256,2,19,0.003562393365427,100.16562312631868,3.556376491378138e-05
ECDSA-256,2,20,0.0029409097041927,102.43028443073854,2.8710505740870865e-05
ECDSA-256,2,21,0.002720414893701,100.19753682985902,2.714977953655366e-05
ECDSA-256,2,22,0.0025875582359722,100.52800589171238,2.573901284349306e-05
ECDSA-256,2,23,0.0025523803196839,102.54781844397075,2.48890403727271e-05
ECDSA-256,2,24,0.0027339984662823,100.17897140816785,2.7290396536823696e-05
ECDSA-256,2,25,0.0026182825677089003,100.80551542364992,2.5972929677869933e-05
ECDSA-256,2,26,0.0023913674522185,101.74371914216317,2.3503281258034005e-05
ECDSA-256,2,27,0.0027531869709483,99.35128947207704,2.7710870109195023e-05
ECDSA-256,2,28,0.0024655479937785,101.4404337729793,2.4304786340710922e-05
ECDSA-256,2,29,0.0024580108001823,101.8896254170686,2.412366807596362e-05
ECDSA-256,2,30,0.0029198857955626,100.25103217596188,2.912489468508853e-05
ECDSA-256,3,1,0.0219097707886243,102.19425071123987,0.00021434742496003305
ECDSA-256,3,2,0.0026504613924765,99.32811804581434,2.6683186210164067e-05
ECDSA-256,3,3,0.0023980790283524003,100.10178427887149,2.3955832532337276e-05
ECDSA-256,3,4,0.0029300409369163,99.77368628652766,2.9366008236839504e-05
ECDSA-256,3,5,0.0025704375002527,100.52099116914906,2.5570497693972214e-05
ECDSA-256,3,6,0.002587574301287,101.14006134402007,2.558341440490271e-05
ECDSA-256,3,7,0.0028817430138581004,101.3727041198872,2.842640059072339e-05
ECDSA-256,3,8,0.0024450793862333,100.61515547404997,2.4300712527275603e-05
ECDSA-256,3,9,0.0025051138363771,99.78769646282308,2.510380575243809e-05
ECDSA-256,3,10,0.0028707433957598,103.05363748921081,2.785601263804037e-05
ECDSA-256,3,11,0.0028477481100701,100.70579104498029,2.827709861038738e-05
ECDSA-256,3,12,0.0027783242985598,100.41569330799393,2.7667462503645084e-05
ECDSA-256,3,13,0.0025185118429358003,102.2739891477395,2.462453891482515e-05
ECDSA-256,3,14,0.0027443252038202998,100.2331843918655,2.7378657921817254e-05
ECDSA-256,3,15,0.0026423705276094997,100.65845151012763,2.6250167028209722e-05
ECDSA-256,3,16,0.0023539445828639,102.09633773029782,2.3055580284610448e-05
ECDSA-256,3,17,0.0025836559943846,98.02570970985107,2.6356227428567935e-05
ECDSA-256,3,18,0.0026009108405551,100.0991959022358,2.5982658886851684e-05
ECDSA-256,3,19,0.0026661129668347,101.94582626176998,2.6151568353112516e-05
ECDSA-256,3,20,0.0025064328219732,100.70412581483833,2.4888458347105844e-05
ECDSA-256,3,21,0.0026525668799870002,101.69373448309489,2.60831968266827e-05
ECDSA-256,3,22,0.0026712731923901,103.96695935213938,2.5692821801169843e-05
ECDSA-256,3,23,0.0026184844318768003,100.49109360319562,2.605620170139163e-05
ECDSA-256,3,24,0.0027972464449699,100.14066735981032,2.7932391354424686e-05
ECDSA-256,3,25,0.0026102117262773,104.39743113098666,2.500201812860193e-05
ECDSA-256,3,26,0.0025914246216409,100.5673374759499,2.5767390411530587e-05
ECDSA-256,3,27,0.0026740538887671,99.5818265080452,2.6852109250716604e-05
ECDSA-256,3,28,0.0026606821920715997,102.18084063893184,2.603827582409891e-05
ECDSA-256,3,29,0.0024888957850627,99.63774211728014,2.497882391236474e-05
ECDSA-256,3,30,0.0024956972338250998,99.25897488859482,2.5142658265042925e-05
ECDSA-256,4,1,0.024083736352621902,101.37573547288775,0.00023751261629889766
ECDSA-256,4,2,0.0029435683973126,101.04201372875832,2.913127459350671e-05
ECDSA-256,4,3,0.0028669030871237003,101.10470900684595,2.835497796601855e-05
ECDSA-256,4,4,0.0027694716118268,100.24682613718323,2.762576342586094e-05
ECDSA-256,4,5,0.0027305311523370002,101.815406098729,2.6817728576812814e-05
ECDSA-256,4,6,0.0024455024395130002,98.45391665678471,2.4838439953307626e-05
ECDSA-256,4,7,0.0025874902494244997,101.72464737691917,2.5435570452722345e-05
ECDSA-256,4,8,0.0025914257857942,99.45465218392201,2.605567670831023e-05
ECDSA-256,4,9,0.0028324513696127004,100.18506482895464,2.8271392518474996e-05
ECDSA-256,4,10,0.0026384787634008,101.18970822775736,2.607389638915033e-05
ECDSA-256,4,11,0.0023296528961501,98.53876005415805,2.3641436309216386e-05
ECDSA-256,4,12,0.0026219305582337,99.08399811480194,2.646099500652484e-05
ECDSA-256,4,13,0.0024074011016627,101.95813952456228,2.3611104238366397e-05
ECDSA-256,4,14,0.0030578577425324,100.54720936599188,3.041123437025145e-05
ECDSA-256,4,15,0.0028104099910697,99.79833010793664,2.8160098937595348e-05
ECDSA-256,4,16,0.0025916735175988,101.9005863352213,2.5432705517550648e-05
ECDSA-256,4,17,0.0025184408295891997,101.40652565169148,2.4834479529177762e-05
ECDSA-256,4,18,0.0028178116772315,100.7746870093979,2.7960720819932666e-05
ECDSA-256,4,19,0.0027478111442171,101.6017933182884,2.7044176506999833e-05
ECDSA-256,4,20,0.0025631652679284998,100.61756885563955,2.547368221894113e-05
ECDSA-256,4,21,0.002613212214782,100.37644977029413,2.6033439017430888e-05
ECDSA-256,4,22,0.0025476878508916,101.48740245704539,2.5102858433315705e-05
ECDSA-256,4,23,0.0030573247931891,101.05548902018927,3.0253005844279054e-05
ECDSA-256,4,24,0.0025650665629646,100.38335912604816,2.5552054071275867e-05
ECDSA-256,4,25,0.0023298060987139,102.41215656744316,2.274879444511661e-05
ECDSA-256,4,26,0.0024890964850775004,99.77360246703029,2.4946822891864768e-05
ECDSA-256,4,27,0.0025147350970647,100.18757208995521,2.5099639862133518e-05
ECDSA-256,4,28,0.0026246719062321,102.23452698276378,2.567238879167473e-05
ECDSA-256,4,29,0.0024693610612294002,101.02002830593847,2.4443674609681017e-05
ECDSA-256,4,30,0.0029140517581248,99.42121758800931,2.930930056983514e-05
ECDSA-256,5,1,0.0219138669781379,101.40383200184442,0.0002160582285140882
ECDSA-256,5,2,0.0035499953664831,100.53683538199402,3.5309148191135555e-05
ECDSA-256,5,3,0.0024720015935592,100.00614776578732,2.471788531137669e-05
ECDSA-256,5,4,0.0030148972291493,100.27980840508826,3.006394445098984e-05
ECDSA-256,5,5,0.0023562917485824997,100.94105880474672,2.3342698940094696e-05
ECDSA-256,5,6,0.0027178577147416,100.18206224450842,2.7128449171305702e-05
ECDSA-256,5,7,0.0029074430931352,102.34682670095935,2.8406943285686597e-05
ECDSA-256,5,8,0.0025598064530635003,100.36213662382215,2.5505048529109378e-05
ECDSA-256,5,9,0.0025350493378929,99.78120341687463,2.540543556354411e-05
ECDSA-256,5,10,0.0024735289625817,102.60317568434402,2.41071420681671e-05
ECDSA-256,5,11,0.0033700049389146997,100.0745355989784,3.3673815599742014e-05
ECDSA-256,5,12,0.0025752768851808,100.75686633400619,2.555866570922353e-05
ECDSA-256,5,13,0.0027068727649741,101.25972575438209,2.673126345819609e-05
ECDSA-256,5,14,0.0026518767699591,99.13952815253289,2.6748219266262867e-05
ECDSA-256,5,15,0.0028860082384191002,100.17436407529749,2.880901837505534e-05
ECDSA-256,5,16,0.0029244527686381,102.03020663722418,2.8661795804920895e-05
ECDSA-256,5,17,0.0026469910517327,99.6482163737528,2.656265046136655e-05
ECDSA-256,5,18,0.002517883665859,98.4723557732068,2.556879305712391e-05
ECDSA-256,5,19,0.0024608003441237,103.04386374494061,2.388052514228469e-05
ECDSA-256,5,20,0.0024499818682663,98.45680030388758,2.488320661751718e-05
ECDSA-256,5,21,0.0028578191995613,99.85609290422872,2.8618558265011055e-05
ECDSA-256,5,22,0.0024243360385292,101.03351052384824,2.399478999121637e-05
ECDSA-256,5,23,0.0024506500922136997,99.08906578994356,2.4731179623198982e-05
ECDSA-256,5,24,0.0024812954943617,99.8984279811848,2.4837566668083703e-05
ECDSA-256,5,25,0.0025070062838486,101.12631150265224,2.4790226176992982e-05
ECDSA-256,5,26,0.0024237791076296,98.00886846985668,2.47295903565154e-05
ECDSA-256,5,27,0.0024211239069692,99.66978056798689,2.4290864111273115e-05
ECDSA-256,5,28,0.0023601488210254,101.25980222178623,2.3307312087485756e-05
ECDSA-256,5,29,0.002924944274127,99.10811548936181,2.9511790627256327e-05
ECDSA-256,5,30,0.0024524226319037,98.80076188617386,2.48212838930396e-05
Falcon-padded-512,1,1,0.04626903752796302,99.919147382956,0.0004628504455315009
Falcon-padded-512,1,2,0.03503855364397126,98.27047935687006,0.0003564250958513469
Falcon-padded-512,1,3,0.05314336903393223,100.74243842088617,0.0005272390722908327
Falcon-padded-512,1,4,0.05536666186526354,97.22099624015391,0.0005691687087543678
Falcon-padded-512,1,5,0.048048219177871436,97.76598602673039,0.0004912200948288908
Falcon-padded-512,1,6,0.06033767317421694,102.19835373410024,0.0005900493380450657
Falcon-padded-512,1,7,0.04565814929082943,99.0634227192495,0.0004606858311136094
Falcon-padded-512,1,8,0.05798251368105358,97.32075646473095,0.0005954329896786586
Falcon-padded-512,1,9,0.051163447555154076,100.81082406872883,0.0005072619409457287
Falcon-padded-512,1,10,0.039980673231183934,99.57663628528826,0.00040134542259984563
Falcon-padded-512,1,11,0.041789855808019166,100.3001836608164,0.00041647432618111224
Falcon-padded-512,1,12,0.04606972564943089,100.12666708417237,0.00045990283500883463
Falcon-padded-512,1,13,0.04332720045931607,99.2783581817057,0.00043623102339236224
Falcon-padded-512,1,14,0.052470536902546265,101.39277702337131,0.0005172301134301122
Falcon-padded-512,1,15,0.04616328980773645,101.27939584804699,0.0004555937337086954
Falcon-padded-512,1,16,0.04579619155265335,98.15453756810167,0.00046635474442214924
Falcon-padded-512,1,17,0.04242090880870766,100.38601776212454,0.00042239936585796426
Falcon-padded-512,1,18,0.049795157276093495,101.56433449615724,0.0004900416649330718
Falcon-padded-512,1,19,0.045778917148708874,97.48817188222893,0.0004693639166004233
Falcon-padded-512,1,20,0.041659363545477,99.42163007520139,0.00041884160257068875
Falcon-padded-512,1,21,0.04321311227977227,100.42979655787349,0.00043009672370359237
Falcon-padded-512,1,22,0.05176215292885857,99.84761608741246,0.0005181428937858594
Falcon-padded-512,1,23,0.04795682313851963,99.01436046976596,0.00048410762486730786
Falcon-padded-512,1,24,0.0474141589365896,100.41594815021381,0.0004719547290352936
Falcon-padded-512,1,25,0.051851241849362274,99.78507781075314,0.0005193593426941515
Falcon-padded-512,1,26,0.04682995146140412,100.92691317899153,0.0004637834550800222
Falcon-padded-512,1,27,0.050070828059687586,100.01995035307482,0.0005003579240685429
Falcon-padded-512,1,28,0.04748639510944439,98.71004912280478,0.0004808381948821571
Falcon-padded-512,1,29,0.049018360907211504,102.42728239390999,0.00047833850896405675
Falcon-padded-512,1,30,0.050060829846187774,100.6546866458375,0.0004971049637781529
Falcon-padded-512,2,1,0.05370328528806514,100.57313424884342,0.0005336874993199462
Falcon-padded-512,2,2,0.05557651352137266,99.56343658966944,0.0005578906253950085
Falcon-padded-512,2,3,0.037758453749119694,103.23573771677911,0.00036561610819073873
Falcon-padded-512,2,4,0.040693209273740275,98.41529963584617,0.00041331368561540316
Falcon-padded-512,2,5,0.03974503744393531,98.71537639969029,0.0004024605191664546
Falcon-padded-512,2,6,0.05064984620548744,101.20911379205063,0.0005001971601121913
Falcon-padded-512,2,7,0.04392951168119852,98.14491778588854,0.0004473981810588565
Falcon-padded-512,2,8,0.05226509366184425,98.26504077389836,0.0005315960725393424
Falcon-padded-512,2,9,0.04516656068153619,101.455893187318,0.00044498609959022
Falcon-padded-512,2,10,0.04745126003399439,100.03775536152534,0.0004741086283951671
Falcon-padded-512,2,11,0.04147818591445622,100.1818777511362,0.0004138574838833802
Falcon-padded-512,2,12,0.05667736916802773,101.20795767311938,0.000559695585179956
Falcon-padded-512,2,13,0.047758884029462365,99.37801474099979,0.00048034712014993704
Falcon-padded-512,2,14,0.05580461234785566,100.29999087005854,0.0005560676598656317
Falcon-padded-512,2,15,0.04766416223719679,99.5637631029822,0.0004785009465860685
Falcon-padded-512,2,16,0.052147092996164705,98.40402319817804,0.0005296477898941725
Falcon-padded-512,2,17,0.05755344615317829,101.19059613067657,0.0005684394864866664
Falcon-padded-512,2,18,0.05604108562692953,101.90559504902922,0.0005496291325976624
Falcon-padded-512,2,19,0.0420070050749923,98.79403156996705,0.0004250170856766801
Falcon-padded-512,2,20,0.04650115082040377,103.04594778129831,0.0004510626268178233
Falcon-padded-512,2,21,0.056673155631869684,99.28215138614178,0.0005705035860177474
Falcon-padded-512,2,22,0.04188752872869326,98.54516099905595,0.0004248786159460708
Falcon-padded-512,2,23,0.043788947630673175,104.08294693590142,0.00042053510329616035
Falcon-padded-512,2,24,0.05346321850083705,98.86620554397814,0.0005404710627287915
Falcon-padded-512,2,25,0.04789423895999727,98.89292458212003,0.0004840695633074048
Falcon-padded-512,2,26,0.043361057294532074,101.18375631584786,0.00042835416457326326
Falcon-padded-512,2,27,0.04802383133210176,100.088807068998,0.0004795820968201167
Falcon-padded-512,2,28,0.04011290334165049,99.9267988994252,0.00040126180371353895
Falcon-padded-512,2,29,0.04851037403568574,101.79335738997906,0.00047633036491526924
Falcon-padded-512,2,30,0.03961565974168423,101.2878866919782,0.00039096650783094935
Falcon-padded-512,3,1,0.053432570537551655,98.81227288884111,0.000540456069061336
Falcon-padded-512,3,2,0.055350912502034964,101.9944366258569,0.0005423912566327432
Falcon-padded-512,3,3,0.04336777213029531,98.09207093063742,0.0004419175448091435
Falcon-padded-512,3,4,0.05049486621282958,97.6637845300138,0.0005167603601524335
Falcon-padded-512,3,5,0.04638362908735821,102.19883999787271,0.0004536508155783206
Falcon-padded-512,3,6,0.04434116301126745,100.29224154609255,0.0004419241897027877
Falcon-padded-512,3,7,0.04376236349344206,98.82176493108273,0.0004426453253321483
Falcon-padded-512,3,8,0.05950146121904198,100.26552633894607,0.0005930869148380545
Falcon-padded-512,3,9,0.04346948326565281,99.64442924014293,0.0004360557682759679
Falcon-padded-512,3,10,0.04531907173804886,99.09934443887323,0.0004571004644460611
Falcon-padded-512,3,11,0.053311723051592305,100.60757125564851,0.0005296170813728416
Falcon-padded-512,3,12,0.04482207610271836,98.4872254782822,0.0004548984540078571
Falcon-padded-512,3,13,0.04143636277876745,98.63903715251945,0.0004199043772559894
Falcon-padded-512,3,14,0.042804332450031825,101.79172786907293,0.0004203321950291404
Falcon-padded-512,3,15,0.04620784358121406,99.60191683191806,0.0004637101172921049
Falcon-padded-512,3,16,0.03989202715456427,100.56333453115076,0.0003965283074837024
Falcon-padded-512,3,17,0.04915845999494135,101.2299419187475,0.0004853761517540026
Falcon-padded-512,3,18,0.04608921078033716,98.24305063392967,0.00046891458052390024
Falcon-padded-512,3,19,0.06065027089789447,98.31220966787079,0.0006165345902888835
Falcon-padded-512,3,20,0.04509291052818252,100.70412493986078,0.0004475757875872029
Falcon-padded-512,3,21,0.04912924207746944,98.94755189516582,0.0004962716074224699
Falcon-padded-512,3,22,0.04326544329524,100.53879901301116,0.000430150678742877
Falcon-padded-512,3,23,0.0504254647530611,101.7112134611234,0.0004955252812878848
Falcon-padded-512,3,24,0.04138695611618417,99.26030491292477,0.0004167799695776108
Falcon-padded-512,3,25,0.04924104502424555,99.49294093693607,0.0004946751622660766
Falcon-padded-512,3,26,0.04818478482775323,99.9424376282841,0.0004818930382158989
Falcon-padded-512,3,27,0.061818968970328084,100.06025744811632,0.0006174359460225714
Falcon-padded-512,3,28,0.04264125693589397,99.69997640606016,0.0004275129120830527
Falcon-padded-512,3,29,0.040919756516813774,101.34597038198262,0.0004036000755217503
Falcon-padded-512,3,30,0.0656878291629251,98.94624421210028,0.0006634334651256952
Falcon-padded-512,4,1,0.05571318045258466,100.34337867121212,0.0005549171752957533
Falcon-padded-512,4,2,0.040556452935561024,103.18955403286964,0.00039287425679097567
Falcon-padded-512,4,3,0.05130131635814843,100.33011368103325,0.0005110638892615888
Falcon-padded-512,4,4,0.05444303900003362,99.38223889702931,0.0005475146388639404
Falcon-padded-512,4,5,0.0585427090991283,100.83245620247908,0.0005802570073712489
Falcon-padded-512,4,6,0.0458290150854731,99.79298973083496,0.0004590300211995021
Falcon-padded-512,4,7,0.048648659372701644,101.53465065802447,0.0004789041082501055
Falcon-padded-512,4,8,0.05074961180798658,102.0972746561747,0.0004968242134066763
Falcon-padded-512,4,9,0.05193099845200722,100.29212082899176,0.0005175294151098279
Falcon-padded-512,4,10,0.0448872144334013,102.22202237299643,0.0004389221754572178
Falcon-padded-512,4,11,0.04193647066131182,101.18499032291584,0.000414281772544859
Falcon-padded-512,4,12,0.0414754529483611,102.50421356083825,0.0004044582794971029
Falcon-padded-512,4,13,0.046403608750551426,99.76826364104636,0.00046489769518964
Falcon-padded-512,4,14,0.041823144769295564,99.51617936021648,0.0004200882271337364
Falcon-padded-512,4,15,0.04814241756685036,100.00318566313945,0.00048117719664866746
Falcon-padded-512,4,16,0.04951089131645803,101.25866573117673,0.0004887156492901013
Falcon-padded-512,4,17,0.04540929035283581,101.23690286278725,0.00044834373729715424
Falcon-padded-512,4,18,0.05712021398357996,98.80295740370639,0.0005777884800422096
Falcon-padded-512,4,19,0.0548576547298576,101.20635646185838,0.0005417439955509186
Falcon-padded-512,4,20,0.04546881909482121,100.84446352277882,0.0004506774664170302
Falcon-padded-512,4,21,0.04461123654618816,97.73392734886147,0.0004562477328010084
Falcon-padded-512,4,22,0.04747889330610588,101.97368524083868,0.00046538278316131745
Falcon-padded-512,4,23,0.04631230211816674,101.7281074533239,0.00045504854981686434
Falcon-padded-512,4,24,0.056748804636299145,100.68590660113841,0.00056330463404726
Falcon-padded-512,4,25,0.044206608552485246,103.09636281174608,0.0004286054343208345
Falcon-padded-512,4,26,0.04523097304627246,99.30441614962183,0.00045527059588269374
Falcon-padded-512,4,27,0.059438956202938625,100.97975454595871,0.0005882762336346932
Falcon-padded-512,4,28,0.04636505385860757,101.60558336507529,0.0004561157418008873
Falcon-padded-512,4,29,0.04453748511150429,99.37998221395537,0.0004479527308385105
Falcon-padded-512,4,30,0.04366558347828639,100.79440388688818,0.0004330267696280967
Falcon-padded-512,5,1,0.05747303762473125,102.92379389493726,0.0005580921592503603
Falcon-padded-512,5,2,0.05044053425081018,100.35421303124167,0.0005023724743784764
Falcon-padded-512,5,3,0.03819345915690007,101.81727325823158,0.00037497701780575895
Falcon-padded-512,5,4,0.06158287613652584,102.89009996247478,0.0005981726032887111
Falcon-padded-512,5,5,0.04299173597246379,99.18064860580489,0.00043328118001292935
Falcon-padded-512,5,6,0.0440060275141146,100.11553640686907,0.0004393593106013235
Falcon-padded-512,5,7,0.04845501319505237,101.10669542546384,0.0004790167676576764
Falcon-padded-512,5,8,0.04874887643381914,99.95315474108793,0.00048747948459330773
Falcon-padded-512,5,9,0.06131695001386052,101.09604327217676,0.0006061541135432831
Falcon-padded-512,5,10,0.04872381198219896,102.50667744874954,0.00047509747300706245
Falcon-padded-512,5,11,0.04633492603898004,98.9618245321326,0.0004679909847082388
Falcon-padded-512,5,12,0.048296762164681685,99.30857875500806,0.0004860938099481009
Falcon-padded-512,5,13,0.05379865784198005,102.24873097590171,0.0005258780797951548
Falcon-padded-512,5,14,0.045396633679046616,98.59097063262016,0.00046024235215885885
Falcon-padded-512,5,15,0.04254598310217208,100.95861859805882,0.0004212425003078417
Falcon-padded-512,5,16,0.042052075732498764,100.43197967973538,0.000418536760173459
Falcon-padded-512,5,17,0.048310921760275446,100.93056861124933,0.0004784260033751196
Falcon-padded-512,5,18,0.04653568519279321,97.91877580573782,0.00047502207143087957
Falcon-padded-512,5,19,0.04363760235719344,101.65658134734258,0.0004290807119970538
Falcon-padded-512,5,20,0.049386673606931684,98.73951556603424,0.0004999212713906868
Falcon-padded-512,5,21,0.040935005526989164,99.31920832721516,0.00041198617628704495
Falcon-padded-512,5,22,0.039290633052586905,99.57426533382386,0.00039443058398248377
Falcon-padded-512,5,23,0.04439192661084195,99.88676127395593,0.0004442251008726494
Falcon-padded-512,5,24,0.048686303431167664,100.78180018090643,0.0004828530053629197
Falcon-padded-512,5,25,0.050647312542423197,99.6717356259469,0.0005078830955500073
Falcon-padded-512,5,26,0.044759664451703034,101.114169184817,0.00044246874656410134
Falcon-padded-512,5,27,0.043213100405409634,99.42711476609111,0.0004344320696661202
Falcon-padded-512,5,28,0.03889879700727723,101.03114102291875,0.00038486971091118846
Falcon-padded-512,5,29,0.05636142101138771,99.98334128502756,0.0005633905288283651
Falcon-padded-512,5,30,0.04187935707159292,99.25789892696775,0.00042174673292623324
ML-DSA-44,1,1,0.007695225300266846,98.76474030106328,7.790863168715626e-05
ML-DSA-44,1,2,0.0019385502673679345,102.98520517675206,1.8823225863087428e-05
ML-DSA-44,1,3,0.0028808349743480914,101.76015843288042,2.8309246609324676e-05
ML-DSA-44,1,4,0.0023537047673011253,100.87083489121869,2.3333303924079437e-05
ML-DSA-44,1,5,0.002509935293346319,102.28660714067519,2.4537657231729054e-05
ML-DSA-44,1,6,0.002527010161429157,98.28090020013042,2.5711457497531573e-05
ML-DSA-44,1,7,0.0025234462227668748,98.35997265391052,2.565455659236219e-05
ML-DSA-44,1,8,0.002326868474483052,101.6790631157346,2.2883916858772387e-05
ML-DSA-44,1,9,0.0022864574566479876,100.44289949187078,2.2763235838912773e-05
ML-DSA-44,1,10,0.0030455358792091606,101.98314045066945,2.9862239182185396e-05
ML-DSA-44,1,11,0.0022846227511758126,101.24513851781376,2.256474960359238e-05
ML-DSA-44,1,12,0.0027251783758397694,99.44071533251554,2.740430501840188e-05
ML-DSA-44,1,13,0.0023018871434029153,102.81053477921523,2.238910254828243e-05
ML-DSA-44,1,14,0.0023725347127760235,101.35030980384909,2.3408701753454632e-05
ML-DSA-44,1,15,0.002336953300982164,98.53683506953529,2.3715982720461456e-05
ML-DSA-44,1,16,0.0020928794983769545,103.30538461008109,2.0258741663574754e-05
ML-DSA-44,1,17,0.0021549146622414535,99.5349874892272,2.1649352294016122e-05
ML-DSA-44,1,18,0.0024483918678010253,99.20647851517424,2.4679148783608442e-05
ML-DSA-44,1,19,0.0025589468423270496,102.5447637019679,2.4953814260861536e-05
ML-DSA-44,1,20,0.00230029667727583,100.01512361271307,2.2998959454902154e-05
ML-DSA-44,1,21,0.0025192268658423504,97.114965101704,2.5939993022463913e-05
ML-DSA-44,1,22,0.0020069230813529273,101.55892602703535,1.976077831363227e-05
ML-DSA-44,1,23,0.0024243916850531485,98.84374462370761,2.4526916006988738e-05
ML-DSA-44,1,24,0.0023431968875223825,99.09110673493706,2.36463347389205e-05
ML-DSA-44,1,25,0.0026653851382430053,102.20349681400694,2.6078516998315564e-05
ML-DSA-44,1,26,0.002218030625953684,98.98899237485602,2.2406339076654557e-05
ML-DSA-44,1,27,0.0021461837459350827,98.83092122105882,2.17152396691752e-05
ML-DSA-44,1,28,0.0021875048987561397,102.61121785989963,2.1317925187059088e-05
ML-DSA-44,1,29,0.0023116110824043068,100.0802897233516,2.3097032367093197e-05
ML-DSA-44,1,30,0.002113599795847542,99.75789272389375,2.1186845046797417e-05
ML-DSA-44,2,1,0.007126761833205362,101.6407023880165,7.01122876190406e-05
ML-DSA-44,2,2,0.0020940422546112166,99.47248342237435,2.1051029398499466e-05
ML-DSA-44,2,3,0.0024840862024569383,99.0875520228874,2.506898069672885e-05
ML-DSA-44,2,4,0.0026131665799763353,99.52908711903729,2.6254616091934166e-05
ML-DSA-44,2,5,0.0024619940668338365,98.84187483228743,2.490779083438e-05
ML-DSA-44,2,6,0.0029427986592048773,100.03810360189527,2.9415912418810593e-05
ML-DSA-44,2,7,0.002418857999145456,100.55424899468198,2.4054675346732487e-05
ML-DSA-44,2,8,0.0027764982078220396,99.62418210483156,2.786894477914269e-05
ML-DSA-44,2,9,0.00221079494804102,100.43238097522408,2.2012285897473026e-05
ML-DSA-44,2,10,0.0017389410641039068,103.17244696011767,1.685442001712939e-05
ML-DSA-44,2,11,0.002453491091727833,98.1160119608976,2.5005396083455454e-05
ML-DSA-44,2,12,0.0021551630925380786,99.53667025174946,2.165148205794206e-05
ML-DSA-44,2,13,0.0022379923611874275,102.60727005894296,2.1810769817436847e-05
ML-DSA-44,2,14,0.002827106742187829,98.29563384177163,2.8760437497272658e-05
ML-DSA-44,2,15,0.002323884749784524,102.38385452516377,2.269725060428189e-05
ML-DSA-44,2,16,0.0024195469450200976,100.8960026812274,2.3980027552348804e-05
ML-DSA-44,2,17,0.002467366633936236,100.45476514007896,2.456136379997685e-05
ML-DSA-44,2,18,0.0024248342961068724,100.31575220730156,2.4171435004260467e-05
ML-DSA-44,2,19,0.0024173478595906064,102.32461859495379,2.36237455460116e-05
ML-DSA-44,2,20,0.0018679939676069855,99.53937277011573,1.8766030574545526e-05
ML-DSA-44,2,21,0.0025433932896699457,99.71995368925855,2.5504709208841585e-05
ML-DSA-44,2,22,0.002201925497501442,103.1141025556717,2.1353805381025373e-05
ML-DSA-44,2,23,0.002517309039830653,102.59438089770265,2.4535917594292532e-05
ML-DSA-44,2,24,0.0026584947481745748,99.33649470377713,2.6761801994241684e-05
ML-DSA-44,2,25,0.0020868764258914693,101.29109395644628,2.0602338762909357e-05
ML-DSA-44,2,26,0.002513232640921712,100.82870097202249,2.492514506292116e-05
ML-DSA-44,2,27,0.0019597737118596612,98.38664282020181,1.9918706640731303e-05
ML-DSA-44,2,28,0.0022205857094374486,103.74056428624317,2.1404724310979965e-05
ML-DSA-44,2,29,0.0024004706647243025,99.90959750069305,2.4025849882538194e-05
ML-DSA-44,2,30,0.0023457966744895122,98.26287749223411,2.387209427685987e-05
ML-DSA-44,3,1,0.007630097214132242,97.73118188022636,7.806619560603394e-05
ML-DSA-44,3,2,0.002427695086225298,100.22716848296113,2.422133959227724e-05
ML-DSA-44,3,3,0.0030220178887240476,97.8628223654814,3.087918883002622e-05
ML-DSA-44,3,4,0.003164388472213785,98.93524476606399,3.1983417757113816e-05
ML-DSA-44,3,5,0.002588440198450649,100.1549595228862,2.584368578396785e-05
ML-DSA-44,3,6,0.0021223849616938788,99.95294233132154,2.1233390901383015e-05
ML-DSA-44,3,7,0.002393939765169729,100.0412747960072,2.3928948182542348e-05
ML-DSA-44,3,8,0.0022977849002922615,100.44234876008704,2.287613107646434e-05
ML-DSA-44,3,9,0.0023498618975276485,98.31658217287622,2.3900400959364995e-05
ML-DSA-44,3,10,0.002405943814664569,98.70679690642282,2.4374057789878915e-05
ML-DSA-44,3,11,0.0024444635491813766,102.34281601873226,2.388448217008129e-05
ML-DSA-44,3,12,0.0026424683164800056,98.56106289080344,2.6809750169721098e-05
ML-DSA-44,3,13,0.0023996143136168252,102.12168466090225,2.349704607534169e-05
ML-DSA-44,3,14,0.003246915526687773,101.25670183566399,3.206515079980814e-05
ML-DSA-44,3,15,0.002212353749200263,98.67950108111836,2.241908528129148e-05
ML-DSA-44,3,16,0.002440417883917443,98.56066619814374,2.475995296520614e-05
ML-DSA-44,3,17,0.0024812244810158745,100.36312723788433,2.4721859599409224e-05
ML-DSA-44,3,18,0.002213805681093892,99.15955771575682,2.232519293602259e-05
ML-DSA-44,3,19,0.00200389930978378,98.62471860996448,2.031801583587395e-05
ML-DSA-44,3,20,0.002412532921880068,99.56939355004579,2.422907665117411e-05
ML-DSA-44,3,21,0.0024759338703000356,98.81479918048717,2.5055678447262705e-05
ML-DSA-44,3,22,0.002564921276643382,100.26321702287532,2.5581222495946256e-05
ML-DSA-44,3,23,0.002283734735100927,100.84909178502858,2.2644557135002956e-05
ML-DSA-44,3,24,0.0026537252124394896,97.7067665620707,2.7159358889215223e-05
ML-DSA-44,3,25,0.0020830000285053506,100.03040816262364,2.0823234574038616e-05
ML-DSA-44,3,26,0.0026152655482287795,102.95061153522691,2.5402463132987386e-05
ML-DSA-44,3,27,0.0027453475631768645,97.16218580701388,2.8254510455108183e-05
ML-DSA-44,3,28,0.0029483085963870463,101.82442710804753,2.895398790672492e-05
ML-DSA-44,3,29,0.002788990736007274,101.0644687868189,2.759539337799917e-05
ML-DSA-44,3,30,0.0021398996468629306,99.72262869006954,2.1458055778166998e-05
ML-DSA-44,4,1,0.00765063823200705,100.6661278270185,7.599434876329605e-05
ML-DSA-44,4,2,0.0020737755112344726,98.81576089281589,2.098584246654369e-05
ML-DSA-44,4,3,0.0017987350001926379,101.05452367570251,1.7799331672514306e-05
ML-DSA-44,4,4,0.0024208601098502673,98.64906382118352,2.4539520288733365e-05
ML-DSA-44,4,5,0.002669748151674275,98.58237544959411,2.70806606247346e-05
ML-DSA-44,4,6,0.0023368019610637367,101.70525711518712,2.297568815724138e-05
ML-DSA-44,4,7,0.003329258179291457,99.95203040284105,3.330745035165703e-05
ML-DSA-44,4,8,0.0020131757482882585,97.13793521816842,2.0724488550524404e-05
ML-DSA-44,4,9,0.002699657808988845,101.1881458661519,2.6678873914039937e-05
ML-DSA-44,4,10,0.0026425810065114734,98.53334729396738,2.6818434663968748e-05
ML-DSA-44,4,11,0.002563936635851386,99.2036822005175,2.5844508140210497e-05
ML-DSA-44,4,12,0.0022927485406392806,99.57887160778044,2.302391778062941e-05
ML-DSA-44,4,13,0.002468628343194102,98.54445336805657,2.5050283592665524e-05
ML-DSA-44,4,14,0.002187447622417957,99.81515176012181,2.1914505433423193e-05
ML-DSA-44,4,15,0.002646283945068416,100.63223280687816,2.6295892328544837e-05
ML-DSA-44,4,16,0.0023889313451940643,97.66756003606133,2.4459225897530422e-05
ML-DSA-44,4,17,0.002594283316283824,99.8638414919842,2.5977529849177376e-05
ML-DSA-44,4,18,0.0024615279398853577,102.9404105360154,2.3911591842474387e-05
ML-DSA-44,4,19,0.002770668826996843,99.45417798915878,2.785797135728209e-05
ML-DSA-44,4,20,0.00272686872631284,100.62921231496148,2.7097447872244315e-05
ML-DSA-44,4,21,0.002284730784594669,101.54332469077781,2.2499552640525338e-05
ML-DSA-44,4,22,0.002621999941765843,98.51005764910953,2.661586255806507e-05
ML-DSA-44,4,23,0.00238917791284569,100.06561552872881,2.3875542635728368e-05
ML-DSA-44,4,24,0.002113167895003616,101.00337002775632,2.0921318607132768e-05
ML-DSA-44,4,25,0.0028866040520365687,99.7600629737135,2.8934630183387388e-05
ML-DSA-44,4,26,0.0019357337150715487,101.9455375650432,1.8987559499379237e-05
ML-DSA-44,4,27,0.0023657754063601006,99.72071998682804,2.3723447667882242e-05
ML-DSA-44,4,28,0.0029624034650619713,101.03201896091922,2.9320572192496533e-05
ML-DSA-44,4,29,0.0021321647800499957,102.2827797406353,2.084534991848696e-05
ML-DSA-44,4,30,0.0026956959627563904,100.20236776629463,2.6901793877629093e-05
ML-DSA-44,5,1,0.007537319557740698,102.59625096130185,7.346044121790736e-05
ML-DSA-44,5,2,0.002292695455252546,101.37559526902623,2.26153404976814e-05
ML-DSA-44,5,3,0.0027386760339136863,103.68967503262684,2.6411537121784084e-05
ML-DSA-44,5,4,0.00282077351584978,98.300087925978,2.8694710595723234e-05
ML-DSA-44,5,5,0.0025118091143661384,99.47062137490138,2.525113097342106e-05
ML-DSA-44,5,6,0.0024981040041889358,102.18166526174173,2.4447075964672898e-05
ML-DSA-44,5,7,0.0023808423429723152,101.22343265195377,2.3520110738418085e-05
ML-DSA-44,5,8,0.00245860219001719,101.00994942500256,2.4339605777493528e-05
ML-DSA-44,5,9,0.0025371366646135003,105.0732148939278,2.4145786402507234e-05
ML-DSA-44,5,10,0.0019387318752700096,99.53671567770652,1.9477175844597143e-05
ML-DSA-44,5,11,0.002626459812744782,98.60596894333139,2.663520154614267e-05
ML-DSA-44,5,12,0.0025868266820901938,101.77570060500875,2.5416292093010107e-05
ML-DSA-44,5,13,0.0026281133759760347,101.39432573784143,2.5919056501759797e-05
ML-DSA-44,5,14,0.002902761800214091,97.11091560684144,2.9890306539027008e-05
ML-DSA-44,5,15,0.0023121000267560246,102.49403448565863,2.255787746369227e-05
ML-DSA-44,5,16,0.0022312928922469596,99.52092666993849,2.2419836125781784e-05
ML-DSA-44,5,17,0.0027056722901757342,100.15361233241856,2.701449438315544e-05
ML-DSA-44,5,18,0.00288220215588756,102.76645459118299,2.8045351325789363e-05
ML-DSA-44,5,19,0.002419453579931864,100.1428987996187,2.4159427740942716e-05
ML-DSA-44,5,20,0.002156170317902832,99.41878517833538,2.1687285280688386e-05
ML-DSA-44,5,21,0.0020171273499722357,102.44880898785777,1.9688736796557802e-05
ML-DSA-44,5,22,0.0024123277980830477,100.85358722624369,2.391853542426544e-05
ML-DSA-44,5,23,0.0028637833893293647,100.81259702472016,2.8406192526166632e-05
ML-DSA-44,5,24,0.0026264295447614204,102.86849455698393,2.5531262025475156e-05
ML-DSA-44,5,25,0.0024848019238556357,99.10932233906351,2.5070695364488557e-05
ML-DSA-44,5,26,0.0028669044841076905,99.98315670876764,2.867305229775857e-05
ML-DSA-44,5,27,0.0022793295793229465,101.5141118990723,2.2452823152362378e-05
ML-DSA-44,5,28,0.002765455981716091,99.67403334728442,2.7744229498926025e-05
ML-DSA-44,5,29,0.00237428629770836,100.86054891906679,2.3539733157189333e-05
ML-DSA-44,5,30,0.00205197627656124,103.60760134388693,1.980487542237442e-05
ML-DSA-65,1,1,0.007400824921204996,104.28326399694197,7.096344561467892e-05
ML-DSA-65,1,2,0.003115552011876724,101.83247381984256,3.059394098953197e-05
ML-DSA-65,1,3,0.002888477407395451,102.24181025102735,2.8250632485771624e-05
ML-DSA-65,1,4,0.003839809680357021,103.38660527020693,3.7138922048261747e-05
ML-DSA-65,1,5,0.0032079732045527313,99.61813723109663,3.2201665195083375e-05
ML-DSA-65,1,6,0.002935631200670595,101.72624445217662,2.88573170280597e-05
ML-DSA-65,1,7,0.0034270964097225967,102.54964731866494,3.341778322365765e-05
ML-DSA-65,1,8,0.0031841418240215026,101.3607448800467,3.1412967657700784e-05
ML-DSA-65,1,9,0.0024969088844948905,100.57329857489094,2.482614104601026e-05
ML-DSA-65,1,10,0.0033342866227025368,102.29834479279816,3.25926871651246e-05
ML-DSA-65,1,11,0.0030471566133194626,100.77642843988724,3.023588478987155e-05
ML-DSA-65,1,12,0.002747067017480292,102.01949456799775,2.692615819311175e-05
ML-DSA-65,1,13,0.003363219788297621,103.68934527994134,3.2434486830926884e-05
ML-DSA-65,1,14,0.003149872412904477,103.93528426811099,3.0305174779195496e-05
ML-DSA-65,1,15,0.003063963726162479,102.07886732905172,3.0014750772835828e-05
ML-DSA-65,1,16,0.0025640011299396474,103.59556489204988,2.474949265332188e-05
ML-DSA-65,1,17,0.0046887362841510445,101.70612259372137,4.6098701041113694e-05
ML-DSA-65,1,18,0.0032124493736768365,100.24375208001584,3.204535308133982e-05
ML-DSA-65,1,19,0.0028260590042915573,103.33892427803949,2.734673058153662e-05
ML-DSA-65,1,20,0.002968026557936887,100.30956898001023,2.9587792777512443e-05
ML-DSA-65,1,21,0.003208413021638463,101.54098849580623,3.1596222327890954e-05
ML-DSA-65,1,22,0.002997908974065923,104.2857944869902,2.8746223876899884e-05
ML-DSA-65,1,23,0.003407036419957411,102.28700578422286,3.3307485286342013e-05
ML-DSA-65,1,24,0.0025994281750164796,100.52603299170732,2.5857590145654563e-05
ML-DSA-65,1,25,0.0028567593544715176,103.63421594817191,2.75650332437849e-05
ML-DSA-65,1,26,0.003549017710610701,100.92593213287182,3.516334048438949e-05
ML-DSA-65,1,27,0.003382554510607715,102.09314981172793,3.313094413896337e-05
ML-DSA-65,1,28,0.002890741918235526,104.28641777159646,2.7718487728403327e-05
ML-DSA-65,1,29,0.003204229054972095,103.35311367805116,3.10017725075304e-05
ML-DSA-65,1,30,0.00406123674474608,101.49631867627613,4.0012034912837685e-05
ML-DSA-65,2,1,0.009080406045540616,101.55684676929377,8.940405801509171e-05
ML-DSA-65,2,2,0.0025151423178609326,99.00737818190828,2.540293937722603e-05
ML-DSA-65,2,3,0.0028256166260685104,99.13243987620808,2.8502638410473174e-05
ML-DSA-65,2,4,0.0028544634114944824,100.65047583775595,2.835935386294292e-05
ML-DSA-65,2,5,0.002924285829066637,98.62940074224025,2.964835137197088e-05
ML-DSA-65,2,6,0.0028852936811739477,99.65672241896391,2.89514854352357e-05
ML-DSA-65,2,7,0.0034605769906188265,104.70008331281133,3.30511925581144e-05
ML-DSA-65,2,8,0.003002534154802042,97.23412155546248,3.0878475509362013e-05
ML-DSA-65,2,9,0.0031179839279495926,98.85092461458407,3.154128901549369e-05
ML-DSA-65,2,10,0.0027170805260532515,101.66756832692772,2.6724430989490008e-05
ML-DSA-65,2,11,0.0036002700217062375,99.95125238690525,3.60189618213272e-05
ML-DSA-65,2,12,0.003202435560523879,97.70209855819121,3.2776477099524776e-05
ML-DSA-65,2,13,0.003021419513970018,100.92723029619083,2.9935717612996736e-05
ML-DSA-65,2,14,0.003678454086183815,99.52344381343573,3.6959313224151995e-05
ML-DSA-65,2,15,0.0031146064866328475,100.09264315012842,3.1116268625550337e-05
ML-DSA-65,2,16,0.0035652706865212,100.2811969043687,3.555146972675399e-05
ML-DSA-65,2,17,0.002847922965883657,99.59150333399884,2.8595225832996217e-05
ML-DSA-65,2,18,0.0038310226518656933,99.50193693488836,3.8500508367519116e-05
ML-DSA-65,2,19,0.0038728762883688374,102.89670684980229,3.7637069671307805e-05
ML-DSA-65,2,20,0.0033823975827540244,98.63823348097503,3.428976251684937e-05
ML-DSA-65,2,21,0.0027203587815159895,98.97293728101067,2.7485129640828937e-05
ML-DSA-65,2,22,0.0030915616080158387,100.70684227719903,3.0697682841933836e-05
ML-DSA-65,2,23,0.0023839040659362027,98.04626963078044,2.4313480909648247e-05
ML-DSA-65,2,24,0.003039258066564199,98.83593289414421,3.074959199174775e-05
ML-DSA-65,2,25,0.0027808786835517322,100.934987870045,2.755042753594413e-05
ML-DSA-65,2,26,0.002630850300192315,99.48682054923847,2.6443509971998042e-05
ML-DSA-65,2,27,0.0029250490479166146,99.1196483108215,2.9509413938408146e-05
ML-DSA-65,2,28,0.003240080550312593,101.42479619500227,3.194462467468235e-05
ML-DSA-65,2,29,0.0030945856124157786,99.36504246853292,3.114263489441842e-05
ML-DSA-65,2,30,0.003088015131651977,100.47751888795756,3.07324490449215e-05
ML-DSA-65,3,1,0.008383413543924245,100.76901861280203,8.318743463671144e-05
ML-DSA-65,3,2,0.002667728113010103,99.09145233524032,2.692115446713244e-05
ML-DSA-65,3,3,0.003163405694067036,101.36482042912394,3.120714819801383e-05
ML-DSA-65,3,4,0.003561801044269951,101.8861935727764,3.495740107729331e-05
ML-DSA-65,3,5,0.0035681028384710566,99.51145850867034,3.585491518180842e-05
ML-DSA-65,3,6,0.0032079035881901934,99.67284250888042,3.218329352854166e-05
ML-DSA-65,3,7,0.0031749506015323254,101.0434279399924,3.142065651598338e-05
ML-DSA-65,3,8,0.0032554080244148213,97.69798178272322,3.332002867127573e-05
ML-DSA-65,3,9,0.0032809216063465277,98.3969308687374,3.334262748678852e-05
ML-DSA-65,3,10,0.0029531866312022016,102.09010248817503,2.8926420231841164e-05
ML-DSA-65,3,11,0.002606200752779464,98.10029312432744,2.656599112472085e-05
ML-DSA-65,3,12,0.002819709479808234,97.80628363415599,2.8828701863278104e-05
ML-DSA-65,3,13,0.002588643459602659,101.91121224709786,2.5400322988468803e-05
ML-DSA-65,3,14,0.003225716762244129,97.85820863791741,3.296208341432181e-05
ML-DSA-65,3,15,0.003277587937190762,101.256717300741,3.236804367602458e-05
ML-DSA-65,3,16,0.003812844399362404,100.16196237597615,3.8065341090544503e-05
ML-DSA-65,3,17,0.0026637664996083527,98.22963737160899,2.7117012110540504e-05
ML-DSA-65,3,18,0.0030167808290567574,103.02077969699167,2.928236904671067e-05
ML-DSA-65,3,19,0.003095040563493543,99.24067497532815,3.118624537336643e-05
ML-DSA-65,3,20,0.002715997863560362,98.33228964381851,2.761984753890236e-05
ML-DSA-65,3,21,0.0031516309827562504,101.65733283897862,3.1001534167265294e-05
ML-DSA-65,3,22,0.003318646689876582,98.55500622838736,3.367190639738418e-05
ML-DSA-65,3,23,0.003206221153959029,99.14505665167235,3.233764325323104e-05
ML-DSA-65,3,24,0.0029307738877827083,101.70948729617521,2.8814317301589377e-05
ML-DSA-65,3,25,0.003012243192642459,100.23136159591377,3.005199790520598e-05
ML-DSA-65,3,26,0.0027064196765417266,98.5023079989478,2.7474943204820482e-05
ML-DSA-65,3,27,0.0025539228226985067,101.68230023095384,2.5116059259289944e-05
ML-DSA-65,3,28,0.0024894245434548237,99.42365715885536,2.5037926430817573e-05
ML-DSA-65,3,29,0.0028187108691777284,98.75868582888506,2.854058251049749e-05
ML-DSA-65,3,30,0.0026651711668814974,103.36816131323576,2.5782624145736496e-05
ML-DSA-65,4,1,0.008464580867439151,98.89417659281753,8.558498303977874e-05
ML-DSA-65,4,2,0.002715693553909127,99.10292414226569,2.74020081844787e-05
ML-DSA-65,4,3,0.0028895668219770187,102.44751023501158,2.820454412638909e-05
ML-DSA-65,4,4,0.002886534202843345,97.51227519917302,2.9600875920563543e-05
ML-DSA-65,4,5,0.003002299694343831,101.31028910912573,2.9633818550311736e-05
ML-DSA-65,4,6,0.0030115633271630138,103.08361816289835,2.9213908100022638e-05
ML-DSA-65,4,7,0.0033650698605920118,99.5379756167531,3.38057518351724e-05
ML-DSA-65,4,8,0.0031886631622904636,101.08252530521713,3.154415235458403e-05
ML-DSA-65,4,9,0.003023947123437569,103.75807487685233,2.914336064007482e-05
ML-DSA-65,4,10,0.0038376164156937857,99.8077109172009,3.844862114729414e-05
ML-DSA-65,4,11,0.004275396233423963,97.49112818273716,4.38522850973269e-05
ML-DSA-65,4,12,0.002880486659705064,101.12786457384937,2.8482798757010996e-05
ML-DSA-65,4,13,0.0031368965283029553,99.06633431185037,3.166360423691912e-05
ML-DSA-65,4,14,0.0026273571420456984,98.99966588872485,2.653834629386612e-05
ML-DSA-65,4,15,0.0027775415219363003,102.65819791983813,2.7055475651326944e-05
ML-DSA-65,4,16,0.0025910376571114044,100.72198431706057,2.572398690177299e-05
ML-DSA-65,4,17,0.0027959153521799973,99.55553602287546,2.8083187993896504e-05
ML-DSA-65,4,18,0.002798236673697398,100.88641997706145,2.7735735524972517e-05
ML-DSA-65,4,19,0.00335957086645011,99.3588790090289,3.381134437454065e-05
ML-DSA-65,4,20,0.0031130958814168967,100.24580136104487,3.1053661760641737e-05
ML-DSA-65,4,21,0.00356441503390609,102.58277864591219,3.474551219540487e-05
ML-DSA-65,4,22,0.0031633689068251408,100.23126013600267,3.155970570001032e-05
ML-DSA-65,4,23,0.003443968249484358,101.08555603027344,3.40686746286409e-05
ML-DSA-65,4,24,0.0028367363847788965,101.7113846752327,2.7889279841205113e-05
ML-DSA-65,4,25,0.0028647668659683013,98.87416051491164,2.8973028444214932e-05
ML-DSA-65,4,26,0.0032420321367676672,99.5334780367557,3.257121728065538e-05
ML-DSA-65,4,27,0.002604038454591749,100.94545314414427,2.57958253706801e-05
ML-DSA-65,4,28,0.002500930801033561,97.87569207325578,2.5551460690839514e-05
ML-DSA-65,4,29,0.0030534910038109144,99.63520851219073,3.064576742329182e-05
ML-DSA-65,4,30,0.002833869308232693,101.11820269981399,2.802452787650743e-05
ML-DSA-65,5,1,0.0073083541356022625,100.96022253273986,7.238321142853913e-05
ML-DSA-65,5,2,0.0029748277738685844,102.41568554914556,2.9045759463369987e-05
ML-DSA-65,5,3,0.003525617998092549,101.05189097579569,3.4887966592273405e-05
ML-DSA-65,5,4,0.0034976978786282927,98.8150038428139,3.5395172200501074e-05
ML-DSA-65,5,5,0.002869141753762426,102.08723498601466,2.8104014373142576e-05
ML-DSA-65,5,6,0.0032188356854015517,100.62859466299415,3.198626332460746e-05
ML-DSA-65,5,7,0.0025988817214960954,99.04478346300311,2.6238772393307122e-05
ML-DSA-65,5,8,0.003402824979275093,102.80224066320807,3.3099593211204275e-05
ML-DSA-65,5,9,0.0031924741342659766,100.71687016775832,3.169650663956327e-05
ML-DSA-65,5,10,0.0033065231982613323,100.37987784598954,3.2939014826433976e-05
ML-DSA-65,5,11,0.002974875271320003,102.78029519296253,2.8943185689121374e-05
ML-DSA-65,5,12,0.002963035134598134,100.99045974388719,2.9338892108661275e-05
ML-DSA-65,5,13,0.0027369337622069854,100.06855507218279,2.7349839372958138e-05
ML-DSA-65,5,14,0.0028766712639476137,101.25397304911166,2.8409646082133145e-05
ML-DSA-65,5,15,0.0029980391263956328,101.10929115582258,2.9650590944640572e-05
ML-DSA-65,5,16,0.003567873267456619,100.65296514891088,3.544601786225327e-05
ML-DSA-65,5,17,0.0026761230546977297,102.49824623670429,2.610828266798459e-05
ML-DSA-65,5,18,0.003617660142480744,100.88144819671288,3.585922367948691e-05
ML-DSA-65,5,19,0.0026266414206469212,100.39643345843069,2.6162012055039253e-05
ML-DSA-65,5,20,0.0027471918147054758,102.71359750581905,2.6745420339794878e-05
ML-DSA-65,5,21,0.003367605619131887,99.89258516090922,3.371113169121556e-05
ML-DSA-65,5,22,0.002439850242807841,100.86661029676907,2.4188294023309178e-05
ML-DSA-65,5,23,0.0030895126983518906,102.33892016205937,3.0188118331566313e-05
ML-DSA-65,5,24,0.00262083695270082,100.06331363786012,2.619110056240468e-05
ML-DSA-65,5,25,0.0039033011998975296,100.53600778291002,3.882340015829233e-05
ML-DSA-65,5,26,0.003969977842643415,103.12423382000998,3.849555889119519e-05
ML-DSA-65,5,27,0.0028862706385545805,101.23036385816522,2.8511093290813485e-05
ML-DSA-65,5,28,0.002863020170479414,100.75594254187308,2.841459021381979e-05
ML-DSA-65,5,29,0.002214708132668791,102.90264624916017,2.152190005473046e-05
ML-DSA-65,5,30,0.0028923077043141255,101.81405667890795,2.8406937480462416e-05
ML-DSA-87,1,1,0.008903609821572357,100.85311756539159,8.827514774967071e-05
ML-DSA-87,1,2,0.004092308925464179,101.48777902103029,4.0321543704321436e-05
ML-DSA-87,1,3,0.003722440917044302,98.15243659471162,3.792366117029022e-05
ML-DSA-87,1,4,0.00404777959920411,99.55117435310967,4.065863660881946e-05
ML-DSA-87,1,5,0.0035628103651100342,98.73632384790108,3.608278767263267e-05
ML-DSA-87,1,6,0.003094579325988297,98.9496954542119,3.1273290272456764e-05
ML-DSA-87,1,7,0.0035254401154809533,101.36089514335617,3.477985761855977e-05
ML-DSA-87,1,8,0.003981847083195594,97.25444920687005,4.094089365873792e-05
ML-DSA-87,1,9,0.0032109131570900386,99.03178558219224,3.24220050559685e-05
ML-DSA-87,1,10,0.004047218011691572,101.66086182254367,3.980938998408082e-05
ML-DSA-87,1,11,0.003466949099674443,98.4060103292577,3.522982943876391e-05
ML-DSA-87,1,12,0.004014341859146314,97.81815047306009,4.10371398623359e-05
ML-DSA-87,1,13,0.0037919511087231685,100.30489623895846,3.780281825177589e-05
ML-DSA-87,1,14,0.0031447706278408235,97.63611543318257,3.220805464191849e-05
ML-DSA-87,1,15,0.003574972273781426,99.68709094589576,3.586065195628164e-05
ML-DSA-87,1,16,0.004017008002846772,100.20666021225043,4.0085628740117e-05
ML-DSA-87,1,17,0.003195944009348188,100.23096348089166,3.188477887862872e-05
ML-DSA-87,1,18,0.0038102169055485844,99.60692860046402,3.8251065605831847e-05
ML-DSA-87,1,19,0.00345014384947674,100.37577938986942,3.4371093158448525e-05
ML-DSA-87,1,20,0.004132058704271433,100.9545588963665,4.092821197642416e-05
ML-DSA-87,1,21,0.003598634619265296,100.79845347511582,3.5700013481350083e-05
ML-DSA-87,1,22,0.0032416228204962027,100.61776852118783,3.221616256740821e-05
ML-DSA-87,1,23,0.0035378925967955686,100.46705902880058,3.521321366850662e-05
ML-DSA-87,1,24,0.003909396007656652,99.73203661874868,3.9197462538513856e-05
ML-DSA-87,1,25,0.0038276268169279504,101.77093685115688,3.760880053676105e-05
ML-DSA-87,1,26,0.0035138479433949104,100.94789510499686,3.480731948013657e-05
ML-DSA-87,1,27,0.004057295620440709,97.9192145371344,4.143341561718084e-05
ML-DSA-87,1,28,0.003860647091641415,101.9017960880883,3.7884521971866546e-05
ML-DSA-87,1,29,0.0030945378821338227,98.8325272561051,3.130994499720021e-05
ML-DSA-87,1,30,0.0046254023909562125,100.43648998322897,4.605088636459355e-05
ML-DSA-87,2,1,0.008382371161132598,98.60542047885247,8.500200700992886e-05
ML-DSA-87,2,2,0.0029437136836344586,104.04914534417912,2.829076965477816e-05
ML-DSA-87,2,3,0.0036012332420790895,99.18585723312572,3.6306612595331e-05
ML-DSA-87,2,4,0.004735865397378131,98.94877054123208,4.785950058118252e-05
ML-DSA-87,2,5,0.004088084911926942,104.69495001225732,3.904605988961298e-05
ML-DSA-87,2,6,0.003800370031967113,100.01272280258127,3.7997421940055394e-05
ML-DSA-87,2,7,0.003146072849630941,100.13185908994637,3.141831215283971e-05
ML-DSA-87,2,8,0.004410235676913783,102.11878066882491,4.31854472804117e-05
ML-DSA-87,2,9,0.0034052948467429363,99.89750449825078,3.40867250738313e-05
ML-DSA-87,2,10,0.002557605272158573,98.9354276068043,2.585058980811335e-05
ML-DSA-87,2,11,0.0036611692048603805,104.00295723509043,3.5201309888075166e-05
ML-DSA-87,2,12,0.003902641357853174,101.3029308298137,3.852298235107439e-05
ML-DSA-87,2,13,0.0029635925311588818,103.29175235214643,2.869064989487088e-05
ML-DSA-87,2,14,0.004949076566844566,101.8430464908015,4.859277337049752e-05
ML-DSA-87,2,15,0.003579093143343276,101.02602834487334,3.5426180840493794e-05
ML-DSA-87,2,16,0.0036617217119776415,99.10591721232049,3.694619381255661e-05
ML-DSA-87,2,17,0.0037613774184132374,101.61076914309524,3.701613734911565e-05
ML-DSA-87,2,18,0.003486172994597962,99.06712754094042,3.518876954435991e-05
ML-DSA-87,2,19,0.003973559243604074,101.06068697315641,3.9316999856049613e-05
ML-DSA-87,2,20,0.003811486763879014,102.17970639606938,3.730040659051669e-05
ML-DSA-87,2,21,0.003129945369436827,101.63440118543804,3.079517314729525e-05
ML-DSA-87,2,22,0.0033986764028663707,99.52874311199412,3.41465213326955e-05
ML-DSA-87,2,23,0.0038178160320962383,102.30329497996718,3.73172101895689e-05
ML-DSA-87,2,24,0.0031819799914950095,100.17756312782876,3.176239094718631e-05
ML-DSA-87,2,25,0.0035171126946801183,100.65861113904975,3.493978078711214e-05
ML-DSA-87,2,26,0.0035142726264888236,103.17909980006516,3.4058767148630636e-05
ML-DSA-87,2,27,0.0036658630706364005,99.27033198438585,3.6926719484686535e-05
ML-DSA-87,2,28,0.004327231319620567,101.63217592728324,4.257556276673511e-05
ML-DSA-87,2,29,0.0036486913450054985,101.54387301090173,3.5930875356111926e-05
ML-DSA-87,2,30,0.003295956179499241,100.61593418288976,3.275672229795227e-05
ML-DSA-87,3,1,0.009270827285944808,100.69157216395251,9.206305538823962e-05
ML-DSA-87,3,2,0.0035425990354265055,99.65190566284582,3.5548473236676706e-05
ML-DSA-87,3,3,0.003535013878717375,100.77756453631446,3.507615906648043e-05
ML-DSA-87,3,4,0.00368250603787512,101.36241353186779,3.632877443063461e-05
ML-DSA-87,3,5,0.003417263273149203,98.16626430093311,3.480976222698857e-05
ML-DSA-87,3,6,0.004048951668664267,101.99121270910837,3.9697448712181875e-05
ML-DSA-87,3,7,0.004372514085843583,101.91978280548938,4.289968430087948e-05
ML-DSA-87,3,8,0.0032304739579553363,98.79480592883192,3.269775468800829e-05
ML-DSA-87,3,9,0.0036728281993413004,101.00940136495046,3.635992893670761e-05
ML-DSA-87,3,10,0.0036618106532836482,100.74187952466309,3.634712370144364e-05
ML-DSA-87,3,11,0.0036718661431215578,96.88612941093743,3.789734414482842e-05
ML-DSA-87,3,12,0.003342669224365932,101.16050491505302,3.3042132186413995e-05
ML-DSA-87,3,13,0.003429758362471452,99.76931633497588,3.4375703754438916e-05
ML-DSA-87,3,14,0.004408245906233184,98.50792636186816,4.474816198179201e-05
ML-DSA-87,3,15,0.003513975068926107,100.55166304460727,3.494573997158304e-05
ML-DSA-87,3,16,0.004043960710986878,99.4129356527701,4.067676091859977e-05
ML-DSA-87,3,17,0.004115758463739861,98.58119276235811,4.1748192763129475e-05
ML-DSA-87,3,18,0.0037451111711556133,100.58202728698963,3.7233011010055065e-05
ML-DSA-87,3,19,0.0038991882465773025,99.08907780610025,3.934878499815126e-05
ML-DSA-87,3,20,0.004197922069578732,99.87966119660996,4.2028032423045095e-05
ML-DSA-87,3,21,0.004419509554281121,101.85056191589683,4.339021511201996e-05
ML-DSA-87,3,22,0.003924528136848778,99.03651332017034,3.9625512791650655e-05
ML-DSA-87,3,23,0.0035105946008111007,98.91010758769698,3.549151942193718e-05
ML-DSA-87,3,24,0.0041007623076431835,102.94908862817101,3.983132850882259e-05
ML-DSA-87,3,25,0.00293443747796056,99.44777572806925,2.9506450713884792e-05
ML-DSA-87,3,26,0.00395245756953887,98.5696994739119,4.00964912234988e-05
ML-DSA-87,3,27,0.00358244054950713,101.73080808552913,3.5213663059089205e-05
ML-DSA-87,3,28,0.003469999646767481,99.61417076480576,3.483318436513016e-05
ML-DSA-87,3,29,0.0035056497436011577,98.12056787358597,3.5726704138181434e-05
ML-DSA-87,3,30,0.003108991309999859,102.08195839077234,3.045490775221391e-05
ML-DSA-87,4,1,0.007884557591750574,101.47040840215051,7.769698683124753e-05
ML-DSA-87,4,2,0.003382484661414565,103.26150024775416,3.2755420544846845e-05
ML-DSA-87,4,3,0.0034651292953635443,100.30294264131227,3.454544303179519e-05
ML-DSA-87,4,4,0.004100244259461162,96.97334266500548,4.228039156793891e-05
ML-DSA-87,4,5,0.0037822038866574346,102.37604670529254,3.694286195782389e-05
ML-DSA-87,4,6,0.004832983016967288,101.5303153747227,4.7599113165612334e-05
ML-DSA-87,4,7,0.0030878200195726055,101.78250698884949,3.0336512994504297e-05
ML-DSA-87,4,8,0.0032824219670141916,103.09290178096853,3.183844283269534e-05
ML-DSA-87,4,9,0.0033372004982078866,100.86342945508659,3.3085233212668983e-05
ML-DSA-87,4,10,0.0033421760890628397,99.82884966186248,3.347793960577254e-05
ML-DSA-87,4,11,0.003222890663891476,100.7027082988061,3.200298756810927e-05
ML-DSA-87,4,12,0.004002123838289774,99.56224001408555,4.0195589914359166e-05
ML-DSA-87,4,13,0.002940583508461098,101.21707632020116,2.9051403056556182e-05
ML-DSA-87,4,14,0.003975993487983348,103.9638121877797,3.8242551443445246e-05
ML-DSA-87,4,15,0.0040557531174267355,101.6061526699923,3.991481939037451e-05
ML-DSA-87,4,16,0.0032944560516619086,102.6200584708713,3.2102401234228404e-05
ML-DSA-87,4,17,0.004817744018509259,103.32714343187399,4.662394832813108e-05
ML-DSA-87,4,18,0.0033294516615564517,101.61401946470141,3.276459873300558e-05
ML-DSA-87,4,19,0.0041031746659423215,103.7287238619756,3.955521875917792e-05
ML-DSA-87,4,20,0.0036025370936834484,103.53472102293745,3.479423820876056e-05
ML-DSA-87,4,21,0.004122444894164074,101.71742129395716,4.0526762990813276e-05
ML-DSA-87,4,22,0.0033148454967881673,102.64873757609166,3.22920527996285e-05
ML-DSA-87,4,23,0.0036745562683785315,104.12369967112318,3.5289051468388125e-05
ML-DSA-87,4,24,0.0036946190521115075,99.92394909192808,3.6972942770445185e-05
ML-DSA-87,4,25,0.00397980376146677,100.5489404303953,3.957919623019435e-05
ML-DSA-87,4,26,0.0032994041685008636,105.33864116412587,3.1320897932023785e-05
ML-DSA-87,4,27,0.004260652232914601,99.13203753205016,4.297772169175143e-05
ML-DSA-87,4,28,0.0034766225144262225,101.53747859410942,3.423862329253571e-05
ML-DSA-87,4,29,0.004114425508304819,103.9723632778041,3.957073368117897e-05
ML-DSA-87,4,30,0.003809332614763917,100.64834987395443,3.7846506670025776e-05
ML-DSA-87,5,1,0.0081047355197363,99.04277632362209,8.182396191808814e-05
ML-DSA-87,5,2,0.0033530255313957884,101.55522637907416,3.301567972940485e-05
ML-DSA-87,5,3,0.003392169252037493,102.8068102330435,3.299448082753461e-05
ML-DSA-87,5,4,0.003964906092732659,101.89824331598356,3.89089320232581e-05
ML-DSA-87,5,5,0.0034573734737925717,101.4988171570003,3.4062029543530694e-05
ML-DSA-87,5,6,0.004011121112852644,101.18805305776186,3.963869247456287e-05
ML-DSA-87,5,7,0.0032805432565504752,100.19088381808251,3.274185954303249e-05
ML-DSA-87,5,8,0.004596293671055927,102.23802108317614,4.495477315603969e-05
ML-DSA-87,5,9,0.003940851660444753,100.33993662334979,3.927346400806754e-05
ML-DSA-87,5,10,0.0038688133936370574,100.23023006413132,3.8597776973725494e-05
ML-DSA-87,5,11,0.004079321399330572,101.20326758921146,4.0306573819522656e-05
ML-DSA-87,5,12,0.004141902551054233,100.3016603088472,4.129275136372488e-05
ML-DSA-87,5,13,0.003372247796505112,101.6912752292119,3.316052398202693e-05
ML-DSA-87,5,14,0.003309612162410682,99.23960415669717,3.3348599277515083e-05
ML-DSA-87,5,15,0.003567964304237897,103.24939596024342,3.455556304267638e-05
ML-DSA-87,5,16,0.0030666738748544495,101.23937982181087,3.0290396775280718e-05
ML-DSA-87,5,17,0.003713722573592788,100.71867044176906,3.687087636382127e-05
ML-DSA-87,5,18,0.0035292813554401213,100.68345787492581,3.5052010742581354e-05
ML-DSA-87,5,19,0.0033256646711374385,99.07140715303831,3.356723330514984e-05
ML-DSA-87,5,20,0.00387901975773233,100.75681459228508,3.849735068982012e-05
ML-DSA-87,5,21,0.003504113759845001,100.314144032076,3.4930182521333916e-05
ML-DSA-87,5,22,0.0030657579191021678,99.10311518632807,3.0934073837703725e-05
ML-DSA-87,5,23,0.0034124273806806055,101.63562030880712,3.357398519855883e-05
ML-DSA-87,5,24,0.003889549523591564,100.34887220500968,3.875876912192564e-05
ML-DSA-87,5,25,0.0041147614829236115,99.41116832289845,4.138962697949668e-05
ML-DSA-87,5,26,0.003816877957432777,103.3136323010549,3.6943207442331327e-05
ML-DSA-87,5,27,0.00330504961311762,100.67963831406087,3.282631101853613e-05
ML-DSA-87,5,28,0.0040034223347895845,100.14498732076026,3.99746647977639e-05
ML-DSA-87,5,29,0.003232034621759466,103.12597403582186,3.133966356292694e-05
ML-DSA-87,5,30,0.0036288816481823694,100.45260929199867,3.6124004981249146e-05
RSA-2048,1,1,0.2866091516334558,102.20988447288983,0.002796282501949723
RSA-2048,1,2,0.39088116120546995,101.24881624872796,0.003845752901339004
RSA-2048,1,3,0.2582990874070671,102.58093110704795,0.0025116785386146766
RSA-2048,1,4,0.40338381007313673,102.03528642491437,0.003937807950335562
RSA-2048,1,5,0.16003118059597846,100.07757652224973,0.0015965183553700796
RSA-2048,1,6,0.27274715993553345,99.99273947020993,0.0027202497000950103
RSA-2048,1,7,0.220150953624397,101.77823018282652,0.0021583769386485114
RSA-2048,1,8,0.31850906228646597,100.99739710614085,0.003143722188665788
RSA-2048,1,9,0.26368741691112474,100.22609141701832,0.0026240222634671888
RSA-2048,1,10,0.37940490525215814,101.29238283005543,0.0037316635588222485
RSA-2048,1,11,0.25974349398165897,100.49914825917222,0.0025778716841983198
RSA-2048,1,12,0.32210671808570573,100.18223620392382,0.0032049034770135023
RSA-2048,1,13,0.3370737847872073,102.02352404478006,0.003293003283826486
RSA-2048,1,14,0.594258866505697,99.02611691900529,0.00596523413829691
RSA-2048,1,15,0.1834693581331517,99.01787493703887,0.0018494644345467895
RSA-2048,1,16,0.23173819226212744,101.41017001238652,0.002279947281150402
RSA-2048,1,17,0.22853483306243977,100.38872476690449,0.0022713283384088
RSA-2048,1,18,0.37437354307621684,99.9637937429361,0.0037311180102489925
RSA-2048,1,19,0.26296411687508187,101.29178840713575,0.002589382676235744
RSA-2048,1,20,0.3478229255415493,99.3196062380448,0.003489835430295487
RSA-2048,1,21,0.38796769222244565,101.1561467051506,0.003820681233224507
RSA-2048,1,22,0.2491565281525248,101.90824315324426,0.002438947437283851
RSA-2048,1,23,0.27900896500796024,100.47348817787133,0.00276925111456336
RSA-2048,1,24,0.33983829431235724,101.0610514373984,0.003351433061499861
RSA-2048,1,25,0.284032413270324,101.30913882725872,0.002795782529495581
RSA-2048,1,26,0.3049206612631675,99.91706339130178,0.0030424528524923347
RSA-2048,1,27,0.2888903254643076,100.24809073493816,0.0028734732475281183
RSA-2048,1,28,0.25639228988438806,102.0216099624522,0.0025068175388469776
RSA-2048,1,29,0.2839375354815269,99.6342893242836,0.002841699101406515
RSA-2048,1,30,0.24193700682371802,99.63991695502773,0.0024222318391899558
RSA-2048,2,1,0.44465893832966646,98.82208152394742,0.004479435269647479
RSA-2048,2,2,0.32821819209493647,100.0361028497573,0.0032702676477836027
RSA-2048,2,3,0.2683398914523419,102.2465940141119,0.0026175687895339615
RSA-2048,2,4,0.3379077410791064,98.31033437047154,0.0034253802586467082
RSA-2048,2,5,0.3400049558840688,101.98875339701772,0.003322672544422866
RSA-2048,2,6,0.39934004680253515,100.65475534903817,0.003951745302733883
RSA-2048,2,7,0.39769141725264456,100.59610935859382,0.003937780479569355
RSA-2048,2,8,0.4661959381774063,100.02265676204115,0.004639280135560671
RSA-2048,2,9,0.24153802217915613,101.5631558150053,0.002372562728447926
RSA-2048,2,10,0.33450381644070115,98.70763863972388,0.003377388737211035
RSA-2048,2,11,0.4792770976200695,99.0267033718992,0.004816565751712601
RSA-2048,2,12,0.3252768514212216,101.34751661703922,0.0031992516417100763
RSA-2048,2,13,0.41159146418794945,100.44255549809895,0.004081056422418195
RSA-2048,2,14,0.2216340380255126,99.51686009857804,0.0022221514365552667
RSA-2048,2,15,0.46067534433677754,101.19729757891037,0.004531620404083724
RSA-2048,2,16,0.2998563735745842,99.31467236415483,0.0030101670647266978
RSA-2048,2,17,0.24058718793094114,97.0000184928067,0.002474143247532229
RSA-2048,2,18,0.19089801493100775,101.07370803505182,0.0018851405478907714
RSA-2048,2,19,0.4983040289953346,102.35199990705587,0.0048449446421195115
RSA-2048,2,20,0.2260789501015093,99.98973537329584,0.0022559209005871116
RSA-2048,2,21,0.143144374014809,102.50551888649352,0.001394507921175048
RSA-2048,2,22,0.23041438078507728,99.59433250618167,0.0023081889808944807
RSA-2048,2,23,0.4550992199219759,99.50388155085966,0.004552859747195452
RSA-2048,2,24,0.3647589881438757,101.601027314784,0.0035772684286494035
RSA-2048,2,25,0.6209299017209553,99.82920742291024,0.006181473895991362
RSA-2048,2,26,0.2560114325024182,100.65774001786485,0.002536933062371912
RSA-2048,2,27,0.20123816397972344,102.57677255244926,0.0019579885091856103
RSA-2048,2,28,0.3508282145485277,100.48544141696766,0.0034791867631612287
RSA-2048,2,29,0.3284402813296761,100.82861618208699,0.0032468350979395705
RSA-2048,2,30,0.23697697208262933,101.13470306410454,0.002337703903082542
RSA-2048,3,1,0.32133998582139556,103.53313584509306,0.0030941370918338602
RSA-2048,3,2,0.24712354829534847,102.33178756106645,0.0024091067610562196
RSA-2048,3,3,0.3970930601935826,102.19961595418863,0.003870426878292142
RSA-2048,3,4,0.38983655720949123,102.38611411396415,0.0037930717708148784
RSA-2048,3,5,0.30167239857837513,101.00166400382295,0.002977911777555474
RSA-2048,3,6,0.3498776922933755,100.811955841491,0.003458593820134044
RSA-2048,3,7,0.3001546647865319,101.41725377179682,0.0029508681886411415
RSA-2048,3,8,0.5519108467269686,99.45224830019288,0.0055188789289867006
RSA-2048,3,9,0.22739933640696067,99.8425521205645,0.0022724037845140645
RSA-2048,3,10,0.345402222126722,101.1975167109631,0.003401539228494304
RSA-2048,3,11,0.4453613266814495,99.65427093207836,0.0044491804478380146
RSA-2048,3,12,0.16080381185747647,100.09146517678164,0.0016039917448222468
RSA-2048,3,13,0.2866942116525018,102.44449160364456,0.002790722304792202
RSA-2048,3,14,0.43298578239045993,100.91358347097412,0.0042723279690702045
RSA-2048,3,15,0.4490627381019288,102.48467564838938,0.00436263896698094
RSA-2048,3,16,0.40857515740208283,101.43832402606495,0.00401166025355446
RSA-2048,3,17,0.3568715590517964,100.4108754240442,0.003541525634305016
RSA-2048,3,18,0.2800226644612844,101.49811183428392,0.002751304745762821
RSA-2048,3,19,0.37511002225801293,103.44814555486664,0.0036129672506692305
RSA-2048,3,20,0.4881064165383573,101.45726759592071,0.004787921190800715
RSA-2048,3,21,0.2263071525376286,100.51050183479674,0.0022465189716906974
RSA-2048,3,22,0.4589952947571869,102.82087673526257,0.0044441892281176865
RSA-2048,3,23,0.3585108995903277,101.57074136519805,0.0035172523257504156
RSA-2048,3,24,0.29404689534567263,101.09779555327259,0.00290010407390205
RSA-2048,3,25,0.35099215130321637,101.61853124783374,0.003442127996708741
RSA-2048,3,26,0.24653899436816518,102.54921475681476,0.002398338310402516
RSA-2048,3,27,0.24587973486632048,101.93632844020613,0.0024062871536798844
RSA-2048,3,28,0.29149032151326487,104.94490340701304,0.0027698623184029816
RSA-2048,3,29,0.21031930739991317,103.36946401675232,0.0020305053809749757
RSA-2048,3,30,0.2144181646872307,101.87377941515297,0.0021003227578735586
RSA-2048,4,1,0.43082402017898813,99.08700663875788,0.004329113861570086
RSA-2048,4,2,0.19121938897296722,99.28153590974398,0.001922329268941379
RSA-2048,4,3,0.299245399422943,101.0277145432774,0.0029532653460852282
RSA-2048,4,4,0.26124216825701224,98.99885752634145,0.0026318950823220714
RSA-2048,4,5,0.388131838990375,100.83011587802321,0.0038346034212676326
RSA-2048,4,6,0.3405748470686371,100.34999350598082,0.00338239075058635
RSA-2048,4,7,0.40494361589662675,100.8551949239336,0.0039990426809197385
RSA-2048,4,8,0.3051215517334636,100.15522792749107,0.00303723362814464
RSA-2048,4,9,0.3392434006091204,102.02400562306866,0.0033141132569038476
RSA-2048,4,10,0.3730118367820973,100.62888752273284,0.003693117051733518
RSA-2048,4,11,0.33023242047056495,100.0158156962134,0.0032909359827161854
RSA-2048,4,12,0.15251473919488434,102.14629928162321,0.0014908749495751452
RSA-2048,4,13,0.26124432939104697,98.67175332899205,0.0026406187578903347
RSA-2048,4,14,0.2602783693000669,98.7232486512512,0.002629511971684209
RSA-2048,4,15,0.3525369188282634,101.57594738714397,0.0034586692937570484
RSA-2048,4,16,0.31838203221559475,98.043343026191,0.0032368488050259535
RSA-2048,4,17,0.2507221181876952,99.99375878693536,0.002501106454179682
RSA-2048,4,18,0.1885887747630472,100.73217833274975,0.0018686815426416648
RSA-2048,4,19,0.4180329288356002,99.25211317720823,0.004194163901303356
RSA-2048,4,20,0.21076269680634094,99.2236084335018,0.00211961612881463
RSA-2048,4,21,0.41623261035419973,101.0248660701327,0.004103195014332645
RSA-2048,4,22,0.2711186690721656,100.346384979086,0.0026945477600022775
RSA-2048,4,23,0.23193636606447338,99.46707454463468,0.0023263657677829903
RSA-2048,4,24,0.2208179335575547,101.45256908121519,0.002171836112093627
RSA-2048,4,25,0.36794221354648415,99.81648184382357,0.003672648887373791
RSA-2048,4,26,0.3042326758150006,98.56647191825323,0.003077076036466853
RSA-2048,4,27,0.37110777362249736,101.03056190675125,0.0036597797136108216
RSA-2048,4,28,0.2814009157009418,99.47847443004139,0.0028207825513582273
RSA-2048,4,29,0.449507585028186,98.23534001177177,0.004554980789601606
RSA-2048,4,30,0.37630774383433124,102.36102221999317,0.0036628141296530126
RSA-2048,5,1,0.6252541576977815,98.99066545302048,0.006276648954716939
RSA-2048,5,2,0.2191801585722711,102.05503896810114,0.0021430636229136293
RSA-2048,5,3,0.2677800941746677,98.40736369579099,0.0027137542839020257
RSA-2048,5,4,0.2600210660602893,97.78976657614112,0.0026519289058447096
RSA-2048,5,5,0.26581251923926125,102.9220717200078,0.002576005130824851
RSA-2048,5,6,0.2872506000567222,100.74706473434344,0.0028430993876287407
RSA-2048,5,7,0.2037404212169347,99.50683594006114,0.002043318057642438
RSA-2048,5,8,0.2799595072865484,102.0388921359554,0.0027361478631786366
RSA-2048,5,9,0.40721124876290515,98.5704652920831,0.004114172639674539
RSA-2048,5,10,0.3032599363941694,98.22024210705422,0.0030780466599779743
RSA-2048,5,11,0.2776518145110453,102.46038335212506,0.0027025221385702726
RSA-2048,5,12,0.2683628634549673,98.4188304420095,0.0027193281566363853
RSA-2048,5,13,0.25762509251944676,101.95638244715519,0.002520448016084771
RSA-2048,5,14,0.43945415364578316,103.2276725997217,0.004239088777788549
RSA-2048,5,15,0.34819606062956115,101.36298108799383,0.003423380501444465
RSA-2048,5,16,0.3540871189907188,101.14207649137825,0.0034886749054872145
RSA-2048,5,17,0.28513895487412766,102.16258137789555,0.002783263053076653
RSA-2048,5,18,0.26056210510432665,100.26674120803364,0.002591953593867803
RSA-2048,5,19,0.1991053698584431,100.36061350791715,0.001979971424745568
RSA-2048,5,20,0.20101811061613198,100.73873562994413,0.0019914662277936345
RSA-2048,5,21,0.2473330178763712,99.53415211406538,0.002478746608645091
RSA-2048,5,22,0.4183148862794036,101.288622349035,0.004112943498746489
RSA-2048,5,23,0.40936679393053016,102.50934271281585,0.003977574105743096
RSA-2048,5,24,0.27739803725853523,99.5057659780141,0.002780008431242741
RSA-2048,5,25,0.33782338933087824,99.39692423236556,0.0033872185711270367
RSA-2048,5,26,0.3054746615234757,100.01729870168492,0.003044918429612544
RSA-2048,5,27,0.24503383086994243,100.33567909384146,0.002436191032503019
RSA-2048,5,28,0.3895736844278869,100.12225739564747,0.003875898789641221
RSA-2048,5,29,0.28148416755720906,101.51718825032003,0.0027651064682035734
RSA-2048,5,30,0.32376271206885526,101.197129126871,0.003189123994128184
SPHINCS+-SHA2-128s-simple,1,1,1.254608998075127,99.51105877477676,0.012450758535171852
SPHINCS+-SHA2-128s-simple,1,2,1.0563947220798575,99.57948435586877,0.010497197736620507
SPHINCS+-SHA2-128s-simple,1,3,1.0320013915188604,101.55297144991346,0.010059966512971115
SPHINCS+-SHA2-128s-simple,1,4,1.2845644906628872,101.85343583580106,0.012454812839078127
SPHINCS+-SHA2-128s-simple,1,5,1.0031917686574152,99.99485073564573,0.009932784277622737
SPHINCS+-SHA2-128s-simple,1,6,1.1022287346422666,101.5830964606721,0.010734043375192645
SPHINCS+-SHA2-128s-simple,1,7,1.1622309382073575,100.9794917057734,0.011378611091751036
SPHINCS+-SHA2-128s-simple,1,8,1.002957689808681,99.03292271704413,0.010025979535838371
SPHINCS+-SHA2-128s-simple,1,9,1.0830271819140758,101.69834156194702,0.010537193609603127
SPHINCS+-SHA2-128s-simple,1,10,1.4563551684841507,100.45871275779791,0.014289890573762575
SPHINCS+-SHA2-128s-simple,1,11,0.9725890781264745,99.6811792368535,0.009662718986167627
SPHINCS+-SHA2-128s-simple,1,12,1.143075814470648,102.49186037504114,0.011029830832146845
SPHINCS+-SHA2-128s-simple,1,13,1.1056744833476835,100.29615254001692,0.010903891140865917
SPHINCS+-SHA2-128s-simple,1,14,1.1399862861726426,99.7991084260866,0.011293803351638234
SPHINCS+-SHA2-128s-simple,1,15,1.211638116743415,99.58418759214692,0.012020717209488038
SPHINCS+-SHA2-128s-simple,1,16,1.2740336987189942,99.77198053197935,0.01260845079757669
SPHINCS+-SHA2-128s-simple,1,17,1.0437256956938648,100.39860681910068,0.010288857420955358
SPHINCS+-SHA2-128s-simple,1,18,1.0962476844433688,99.52989852032624,0.010894262831178636
SPHINCS+-SHA2-128s-simple,1,19,1.136537182843312,100.33841810538433,0.01120017426580886
SPHINCS+-SHA2-128s-simple,1,20,1.14682793454267,99.06029113498516,0.011444575447248946
SPHINCS+-SHA2-128s-simple,1,21,1.232455508084967,101.16036611772142,0.012036542098517063
SPHINCS+-SHA2-128s-simple,1,22,1.1159797012805932,102.52291180379689,0.010767962538714716
SPHINCS+-SHA2-128s-simple,1,23,1.1908661697525524,98.98343266011216,0.01188794115519701
SPHINCS+-SHA2-128s-simple,1,24,1.197296202182769,101.30425051855855,0.011680762295662946
SPHINCS+-SHA2-128s-simple,1,25,1.0885035849642002,102.68460796726868,0.010489264209990617
SPHINCS+-SHA2-128s-simple,1,26,1.1848082842770957,102.58182218088768,0.011418008650428758
SPHINCS+-SHA2-128s-simple,1,27,0.9944346921984102,101.22436192305759,0.009728491482260244
SPHINCS+-SHA2-128s-simple,1,28,1.11153186392039,102.43131727888249,0.010734993996421732
SPHINCS+-SHA2-128s-simple,1,29,0.9663030323572449,102.50060393498279,0.009339247307955812
SPHINCS+-SHA2-128s-simple,1,30,1.078692581271752,100.45234400150366,0.010624264437528166
SPHINCS+-SHA2-128s-simple,2,1,1.2564957060385489,98.58750501973554,0.012584588927777135
SPHINCS+-SHA2-128s-simple,2,2,1.1090653000865125,99.52741951565258,0.01102050913361254
SPHINCS+-SHA2-128s-simple,2,3,1.0693744658492499,101.69126763893291,0.01040645955441616
SPHINCS+-SHA2-128s-simple,2,4,1.2301307918969537,99.55750415474178,0.01220517568993694
SPHINCS+-SHA2-128s-simple,2,5,1.0353979102801525,99.1028962826822,0.010339679925893122
SPHINCS+-SHA2-128s-simple,2,6,1.024347294820472,101.40544305811636,0.010000482196545882
SPHINCS+-SHA2-128s-simple,2,7,1.1609040719922628,99.30316251982005,0.011555415895207997
SPHINCS+-SHA2-128s-simple,2,8,1.1046948989387595,98.75472565810196,0.011062500591095925
SPHINCS+-SHA2-128s-simple,2,9,1.0957781032193445,101.27358311810531,0.010704160797196438
SPHINCS+-SHA2-128s-simple,2,10,1.1804487865883853,98.62815035763197,0.011827125084509733
SPHINCS+-SHA2-128s-simple,2,11,1.1202691290527576,99.39773086411878,0.011144960396435071
SPHINCS+-SHA2-128s-simple,2,12,0.9708528122864656,101.82778922235593,0.009444218260775227
SPHINCS+-SHA2-128s-simple,2,13,1.230169200105592,99.40734804328531,0.012223763401579544
SPHINCS+-SHA2-128s-simple,2,14,1.1933558967430138,100.15413898695262,0.011774892888200989
SPHINCS+-SHA2-128s-simple,2,15,1.0750609105452889,101.33762056729756,0.010497341686907007
SPHINCS+-SHA2-128s-simple,2,16,1.0672881046775722,100.4588848897256,0.010512442980948455
SPHINCS+-SHA2-128s-simple,2,17,1.1371192431543018,98.89013792690821,0.011368093810880121
SPHINCS+-SHA2-128s-simple,2,18,1.0681368049699809,101.73303015204147,0.010390317898012244
SPHINCS+-SHA2-128s-simple,2,19,1.1948236329481,99.75353617360815,0.011835988571163492
SPHINCS+-SHA2-128s-simple,2,20,1.0988283799961203,99.93413969408721,0.01087593882415089
SPHINCS+-SHA2-128s-simple,2,21,1.1025970051996403,102.15665288409218,0.010677949010686952
SPHINCS+-SHA2-128s-simple,2,22,1.4046886197756971,99.82226593606174,0.013876626299182614
SPHINCS+-SHA2-128s-simple,2,23,0.9444743450731032,99.15372134977952,0.009435478217332855
SPHINCS+-SHA2-128s-simple,2,24,1.032458335394039,101.37960549001582,0.010081413232274612
SPHINCS+-SHA2-128s-simple,2,25,1.1156779688317324,100.12112145218998,0.011020478474352707
SPHINCS+-SHA2-128s-simple,2,26,1.140921155456453,100.04173590173014,0.011275856837912698
SPHINCS+-SHA2-128s-simple,2,27,1.0554114652331912,101.6719270281028,0.010273910340835479
SPHINCS+-SHA2-128s-simple,2,28,1.239331567892804,100.25880087004043,0.012210387897044936
SPHINCS+-SHA2-128s-simple,2,29,1.0036432342603796,100.68635394703597,0.009869635776182103
SPHINCS+-SHA2-128s-simple,2,30,0.9631387691479171,102.23853434249759,0.00933258870818863
SPHINCS+-SHA2-128s-simple,3,1,1.2158230252098288,101.23746631806716,0.011867096049362825
SPHINCS+-SHA2-128s-simple,3,2,0.9875654692295932,98.55346311000176,0.009921190119544765
SPHINCS+-SHA2-128s-simple,3,3,1.0352999090682709,99.60564828221686,0.010287064337872775
SPHINCS+-SHA2-128s-simple,3,4,1.0743339250329873,100.74302367586643,0.010551579321515382
SPHINCS+-SHA2-128s-simple,3,5,0.9735163142904631,98.7858120908495,0.009758649440149038
SPHINCS+-SHA2-128s-simple,3,6,1.0015952235553407,98.40972779807635,0.01007526298928137
SPHINCS+-SHA2-128s-simple,3,7,1.0835249116644259,100.75163721572608,0.010639988084950387
SPHINCS+-SHA2-128s-simple,3,8,1.074590769130736,99.95857937959954,0.010636019512689127
SPHINCS+-SHA2-128s-simple,3,9,0.9489684838335951,98.20396420825273,0.009570755579974237
SPHINCS+-SHA2-128s-simple,3,10,1.205681212479248,99.830298590241,0.011933186720546721
SPHINCS+-SHA2-128s-simple,3,11,1.032661838922649,97.99488383391872,0.010428026181061456
SPHINCS+-SHA2-128s-simple,3,12,1.0091844608541571,99.40632277168334,0.010050085775269106
SPHINCS+-SHA2-128s-simple,3,13,0.9260915508493776,100.70038440800272,0.009112699639652427
SPHINCS+-SHA2-128s-simple,3,14,1.0211007006000719,101.35932827810757,0.00997359271479936
SPHINCS+-SHA2-128s-simple,3,15,0.939824620028957,99.89978908933699,0.009319994250847338
SPHINCS+-SHA2-128s-simple,3,16,1.071317033376544,100.7700346542988,0.010519469897277423
SPHINCS+-SHA2-128s-simple,3,17,1.2665130856912574,99.48847930296324,0.012570226602824626
SPHINCS+-SHA2-128s-simple,3,18,1.0716402796097095,98.37810582481325,0.010775696485785689
SPHINCS+-SHA2-128s-simple,3,19,1.2794702821411188,99.32924931356683,0.012717290184018026
SPHINCS+-SHA2-128s-simple,3,20,1.322339483071118,98.29300627298653,0.013274455587488698
SPHINCS+-SHA2-128s-simple,3,21,1.0603792374022298,99.18702531117015,0.010577622853950792
SPHINCS+-SHA2-128s-simple,3,22,1.020983694121241,101.0183567632921,0.010005784921231962
SPHINCS+-SHA2-128s-simple,3,23,1.1476461905986064,99.46578462701291,0.011406490975136501
SPHINCS+-SHA2-128s-simple,3,24,1.0308968001045282,99.14176856935956,0.01029119866484834
SPHINCS+-SHA2-128s-simple,3,25,1.0951173149514937,100.91732635186054,0.0107351346128744
SPHINCS+-SHA2-128s-simple,3,26,1.0622411144431674,100.04090750403702,0.010506508738433147
SPHINCS+-SHA2-128s-simple,3,27,1.133004239527508,99.58386236382648,0.011249399209265884
SPHINCS+-SHA2-128s-simple,3,28,1.1088081856723868,101.05953387892805,0.010852756962340584
SPHINCS+-SHA2-128s-simple,3,29,1.145331082865595,99.70437436318025,0.011356811383830387
SPHINCS+-SHA2-128s-simple,3,30,1.0252772669773542,100.18736156192608,0.010129933166850347
SPHINCS+-SHA2-128s-simple,4,1,0.9761882086750115,101.03353758971207,0.009569560167276192
SPHINCS+-SHA2-128s-simple,4,2,1.1633472070097919,100.51804171060212,0.011441102638285188
SPHINCS+-SHA2-128s-simple,4,3,1.0646370861213648,103.17074844520539,0.010213777986184934
SPHINCS+-SHA2-128s-simple,4,4,1.317890788195654,100.01723188417964,0.01300527155285046
SPHINCS+-SHA2-128s-simple,4,5,0.9844280534889543,99.71785168186761,0.009775628278485951
SPHINCS+-SHA2-128s-simple,4,6,1.0360888598952436,102.66573656839319,0.009991037820368134
SPHINCS+-SHA2-128s-simple,4,7,1.1942122334148728,101.45609388384037,0.011633791252904301
SPHINCS+-SHA2-128s-simple,4,8,1.1624113172292703,100.10110890469514,0.011479072766597327
SPHINCS+-SHA2-128s-simple,4,9,1.0465336160268628,102.92332208994776,0.010065740775734517
SPHINCS+-SHA2-128s-simple,4,10,1.2785485133063041,101.37268379097804,0.012455267068946249
SPHINCS+-SHA2-128s-simple,4,11,1.1778230539057397,100.60998922586441,0.01157135640825465
SPHINCS+-SHA2-128s-simple,4,12,1.1107933684252196,103.68541731778532,0.01059955661709228
SPHINCS+-SHA2-128s-simple,4,13,1.3360516359098251,101.53142810589634,0.012988085634675494
SPHINCS+-SHA2-128s-simple,4,14,1.0831887817475938,100.07389030209742,0.01070798792885056
SPHINCS+-SHA2-128s-simple,4,15,1.073356103152036,102.75880426820368,0.010337414721153619
SPHINCS+-SHA2-128s-simple,4,16,1.1753897725138807,103.27706789178774,0.011252868518340184
SPHINCS+-SHA2-128s-simple,4,17,1.0690181872341775,101.42226950870827,0.010430332287419384
SPHINCS+-SHA2-128s-simple,4,18,0.9924065475352102,100.63991876319051,0.009764674226443946
SPHINCS+-SHA2-128s-simple,4,19,1.3339368524029844,102.16008872003295,0.012889022772327627
SPHINCS+-SHA2-128s-simple,4,20,1.16623543575406,100.66388529678807,0.011452755111792409
SPHINCS+-SHA2-128s-simple,4,21,0.9340833569876841,101.08632558817044,0.009155847997921749
SPHINCS+-SHA2-128s-simple,4,22,1.236346272984519,102.38831676193513,0.011931004036827531
SPHINCS+-SHA2-128s-simple,4,23,1.0672179837711149,100.7362143297214,0.010483123795715787
SPHINCS+-SHA2-128s-simple,4,24,1.0422686024103307,102.04232868598774,0.010110808305283409
SPHINCS+-SHA2-128s-simple,4,25,1.1625680029392236,103.22073332522996,0.011137490270443187
SPHINCS+-SHA2-128s-simple,4,26,0.9321785483043633,100.6982005701866,0.009172243146092522
SPHINCS+-SHA2-128s-simple,4,27,0.9801089062821114,99.8545649801381,0.00971995910242247
SPHINCS+-SHA2-128s-simple,4,28,1.156471567228436,102.63373401924036,0.011142395958209818
SPHINCS+-SHA2-128s-simple,4,29,1.1116313037928187,100.61082662409171,0.010928081432921158
SPHINCS+-SHA2-128s-simple,4,30,1.023216414265334,100.5589966729749,0.010072791123250891
SPHINCS+-SHA2-128s-simple,5,1,1.0917850977275514,102.47973104123957,0.010541364444859997
SPHINCS+-SHA2-128s-simple,5,2,1.267540093045681,100.79464802215807,0.0124192917715514
SPHINCS+-SHA2-128s-simple,5,3,1.0617463318631046,98.74437252082862,0.01063808856679602
SPHINCS+-SHA2-128s-simple,5,4,1.2089206064119928,100.17107349913567,0.011924646643334525
SPHINCS+-SHA2-128s-simple,5,5,1.240103607065975,101.46938777132891,0.012073894928534647
SPHINCS+-SHA2-128s-simple,5,6,0.9773115373682226,100.27911315415986,0.00965184718249283
SPHINCS+-SHA2-128s-simple,5,7,1.1284263690467917,101.39228962361813,0.011006813190102258
SPHINCS+-SHA2-128s-simple,5,8,1.2230974705889814,100.4816805201117,0.01202595880697773
SPHINCS+-SHA2-128s-simple,5,9,1.0020869530271732,98.49918087827973,0.010071097332408848
SPHINCS+-SHA2-128s-simple,5,10,1.1572284009307618,101.20526611688547,0.01130519929571808
SPHINCS+-SHA2-128s-simple,5,11,1.1328544837888324,100.60551782185212,0.01113497747325392
SPHINCS+-SHA2-128s-simple,5,12,1.084743814542889,99.95854241983034,0.010735436810980098
SPHINCS+-SHA2-128s-simple,5,13,1.1456100146751844,99.14158230298199,0.011423293325896425
SPHINCS+-SHA2-128s-simple,5,14,1.0981992408633223,101.98880968918093,0.010653129354141703
SPHINCS+-SHA2-128s-simple,5,15,1.1264899403322484,98.9672382127028,0.011254350908080257
SPHINCS+-SHA2-128s-simple,5,16,1.0998598071746521,98.20689188269898,0.011075377942170728
SPHINCS+-SHA2-128s-simple,5,17,1.0817725083325054,101.97353383898735,0.01049700929214344
SPHINCS+-SHA2-128s-simple,5,18,0.9406525015365325,99.47033912804909,0.009368023224056814
SPHINCS+-SHA2-128s-simple,5,19,1.0830623055808237,99.40521306917071,0.010777996751777786
SPHINCS+-SHA2-128s-simple,5,20,1.2568500903435045,102.67599022970535,0.012092906212061402
SPHINCS+-SHA2-128s-simple,5,21,1.155713640851899,98.70281486422755,0.011573509625601103
SPHINCS+-SHA2-128s-simple,5,22,0.9970702703576529,97.54519650805742,0.010118199052592258
SPHINCS+-SHA2-128s-simple,5,23,1.047032121103256,102.7294086504262,0.010089304598606972
SPHINCS+-SHA2-128s-simple,5,24,1.0289357111323618,99.45804479997605,0.010239492777062967
SPHINCS+-SHA2-128s-simple,5,25,1.1389759976882479,98.23080871300772,0.011461995223238626
SPHINCS+-SHA2-128s-simple,5,26,0.9921291647478934,101.64617016748525,0.009666266600311052
SPHINCS+-SHA2-128s-simple,5,27,1.0784401756245636,98.6788297269959,0.010810642439165576
SPHINCS+-SHA2-128s-simple,5,28,0.9942390592768781,98.226843705168,0.010020441538994736
SPHINCS+-SHA2-128s-simple,5,29,1.2341433707624667,101.5046913374681,0.012012433022696115
SPHINCS+-SHA2-128s-simple,5,30,1.0430977384094142,100.95454509393312,0.010226684749215178
no_signature,1,1,0.0,98.15624875528738,0.0
no_signature,1,2,0.0,100.7040225691162,0.0
no_signature,1,3,0.0,101.79041849193163,0.0
no_signature,1,4,0.0,98.91272898879834,0.0
no_signature,1,5,0.0,101.50583767914213,0.0
no_signature,1,6,0.0,102.9723191789817,0.0
no_signature,1,7,0.0,99.9631483789999,0.0
no_signature,1,8,0.0,99.92168205790222,0.0
no_signature,1,9,0.0,103.28541147499345,0.0
no_signature,1,10,0.0,100.75684507889673,0.0
no_signature,1,11,0.0,99.32233987096697,0.0
no_signature,1,12,0.0,102.31105567491613,0.0
no_signature,1,13,0.0,99.08587092999369,0.0
no_signature,1,14,0.0,99.37663137633353,0.0
no_signature,1,15,0.0,102.50073100952432,0.0
no_signature,1,16,0.0,100.43345258710906,0.0
no_signature,1,17,0.0,99.15026213019155,0.0
no_signature,1,18,0.0,101.64518196787685,0.0
no_signature,1,19,0.0,101.04975200607441,0.0
no_signature,1,20,0.0,101.23722103005275,0.0
no_signature,1,21,0.0,100.2965006402228,0.0
no_signature,1,22,0.0,98.7748579760082,0.0
no_signature,1,23,0.0,100.26160310162231,0.0
no_signature,1,24,0.0,101.35836691758595,0.0
no_signature,1,25,0.0,102.32217897032388,0.0
no_signature,1,26,0.0,100.38292666221969,0.0
no_signature,1,27,0.0,102.08424206404015,0.0
no_signature,1,28,0.0,99.69204929377884,0.0
no_signature,1,29,0.0,100.15169040020555,0.0
no_signature,1,30,0.0,104.72540680179372,0.0
no_signature,2,1,0.0,102.02693648962304,0.0
no_signature,2,2,0.0,101.51949697220698,0.0
no_signature,2,3,0.0,100.23141674580984,0.0
no_signature,2,4,0.0,101.03321918682195,0.0
no_signature,2,5,0.0,99.89021234633401,0.0
no_signature,2,6,0.0,101.24702364369296,0.0
no_signature,2,7,0.0,101.7587398549076,0.0
no_signature,2,8,0.0,100.51354153337888,0.0
no_signature,2,9,0.0,100.35636706301011,0.0
no_signature,2,10,0.0,102.72652024403214,0.0
no_signature,2,11,0.0,100.23020545719191,0.0
no_signature,2,12,0.0,100.64820941118525,0.0
no_signature,2,13,0.0,102.35447119479068,0.0
no_signature,2,14,0.0,99.09128596214578,0.0
no_signature,2,15,0.0,101.22895723488182,0.0
no_signature,2,16,0.0,102.25211759796366,0.0
no_signature,2,17,0.0,100.50825487123802,0.0
no_signature,2,18,0.0,101.57126480690204,0.0
no_signature,2,19,0.0,102.53248797287233,0.0
no_signature,2,20,0.0,100.80886572320014,0.0
no_signature,2,21,0.0,100.52273120707832,0.0
no_signature,2,22,0.0,102.97188843623735,0.0
no_signature,2,23,0.0,100.06346381478943,0.0
no_signature,2,24,0.0,101.83890668931417,0.0
no_signature,2,25,0.0,103.05390305793844,0.0
no_signature,2,26,0.0,100.42418506206012,0.0
no_signature,2,27,0.0,103.43776322249323,0.0
no_signature,2,28,0.0,103.28378578601404,0.0
no_signature,2,29,0.0,100.57574045681395,0.0
no_signature,2,30,0.0,102.22889536689036,0.0
no_signature,3,1,0.0,99.7036076146178,0.0
no_signature,3,2,0.0,103.96136940806173,0.0
no_signature,3,3,0.0,101.1079454489518,0.0
no_signature,3,4,0.0,98.664674596861,0.0
no_signature,3,5,0.0,101.87647481518798,0.0
no_signature,3,6,0.0,100.36121685500257,0.0
no_signature,3,7,0.0,100.02284138882533,0.0
no_signature,3,8,0.0,103.59647205402143,0.0
no_signature,3,9,0.0,101.45238287071697,0.0
no_signature,3,10,0.0,102.20363386184908,0.0
no_signature,3,11,0.0,102.83504355675541,0.0
no_signature,3,12,0.0,100.25533572165295,0.0
no_signature,3,13,0.0,99.80566200101748,0.0
no_signature,3,14,0.0,102.23494767420927,0.0
no_signature,3,15,0.0,99.84068961720914,0.0
no_signature,3,16,0.0,99.53024013713002,0.0
no_signature,3,17,0.0,102.90230680443347,0.0
no_signature,3,18,0.0,98.84731441177428,0.0
no_signature,3,19,0.0,99.71530772279948,0.0
no_signature,3,20,0.0,102.01873599318787,0.0
no_signature,3,21,0.0,100.71605948614888,0.0
no_signature,3,22,0.0,99.77793311490677,0.0
no_signature,3,23,0.0,102.74933308479376,0.0
no_signature,3,24,0.0,100.03258457477205,0.0
no_signature,3,25,0.0,100.64170220447704,0.0
no_signature,3,26,0.0,102.06756083434448,0.0
no_signature,3,27,0.0,101.20209070108831,0.0
no_signature,3,28,0.0,99.70840452192351,0.0
no_signature,3,29,0.0,103.31777406972833,0.0
no_signature,3,30,0.0,101.46011361014098,0.0
no_signature,4,1,0.0,99.9081430346705,0.0
no_signature,4,2,0.0,99.08746676030569,0.0
no_signature,4,3,0.0,102.81564037501812,0.0
no_signature,4,4,0.0,99.72379240696318,0.0
no_signature,4,5,0.0,99.6064010837581,0.0
no_signature,4,6,0.0,101.90741835883819,0.0
no_signature,4,7,0.0,100.01440295903012,0.0
no_signature,4,8,0.0,98.81184603483416,0.0
no_signature,4,9,0.0,102.5488672980573,0.0
no_signature,4,10,0.0,100.44653916871175,0.0
no_signature,4,11,0.0,99.14914460503496,0.0
no_signature,4,12,0.0,103.08856036351062,0.0
no_signature,4,13,0.0,99.89389510895126,0.0
no_signature,4,14,0.0,99.8128720978275,0.0
no_signature,4,15,0.0,103.93448322685435,0.0
no_signature,4,16,0.0,99.27690030797385,0.0
no_signature,4,17,0.0,101.19926781579852,0.0
no_signature,4,18,0.0,104.50233336887322,0.0
no_signature,4,19,0.0,102.43366364995018,0.0
no_signature,4,20,0.0,100.46427027485333,0.0
no_signature,4,21,0.0,102.84693221910857,0.0
no_signature,4,22,0.0,99.39268582104705,0.0
no_signature,4,23,0.0,100.14394089044073,0.0
no_signature,4,24,0.0,102.22905354457907,0.0
no_signature,4,25,0.0,100.90677935490385,0.0
no_signature,4,26,0.0,99.9987891826313,0.0
no_signature,4,27,0.0,102.8381157880649,0.0
no_signature,4,28,0.0,100.69101506611332,0.0
no_signature,4,29,0.0,101.0830084073823,0.0
no_signature,4,30,0.0,103.09881570702419,0.0
no_signature,5,1,0.0,98.15723922313191,0.0
no_signature,5,2,0.0,102.15128955501132,0.0
no_signature,5,3,0.0,101.58592905313708,0.0
no_signature,5,4,0.0,98.70938207535073,0.0
no_signature,5,5,0.0,101.23544914298691,0.0
no_signature,5,6,0.0,98.69563118647784,0.0
no_signature,5,7,0.0,100.64914264739491,0.0
no_signature,5,8,0.0,104.3827833738178,0.0
no_signature,5,9,0.0,98.80245338007808,0.0
no_signature,5,10,0.0,100.47669047885574,0.0
no_signature,5,11,0.0,99.64209787896834,0.0
no_signature,5,12,0.0,99.41864252183586,0.0
no_signature,5,13,0.0,101.04243809403852,0.0
no_signature,5,14,0.0,100.79234974971041,0.0
no_signature,5,15,0.0,97.79888828587718,0.0
no_signature,5,16,0.0,102.61723917443305,0.0
no_signature,5,17,0.0,99.15136871719733,0.0
no_signature,5,18,0.0,100.4800247719977,0.0
no_signature,5,19,0.0,102.68399282195605,0.0
no_signature,5,20,0.0,99.11810532701203,0.0
no_signature,5,21,0.0,100.944038891932,0.0
no_signature,5,22,0.0,101.36005920218304,0.0
no_signature,5,23,0.0,99.83813072904013,0.0
no_signature,5,24,0.0,100.94094475521706,0.0
no_signature,5,25,0.0,102.59509025444277,0.0
no_signature,5,26,0.0,98.27604989637621,0.0
no_signature,5,27,0.0,99.03831128496677,0.0
no_signature,5,28,0.0,101.09844681294635,0.0
no_signature,5,29,0.0,98.84550107014365,0.0
no_signature,5,30,0.0,99.0660074299667,0.0
