scheme,run,round,nodes_present,nodes_expected
no_signature,1,2,0,5
no_signature,1,3,0,5
no_signature,1,4,0,5
no_signature,1,5,0,5
no_signature,1,6,0,5
no_signature,1,7,0,5
no_signature,1,8,0,5
no_signature,1,9,0,5
no_signature,1,10,0,5
no_signature,1,11,0,5
no_signature,1,12,0,5
no_signature,1,13,0,5
no_signature,1,14,0,5
no_signature,1,15,0,5
no_signature,1,16,0,5
no_signature,1,17,0,5
no_signature,1,18,0,5
no_signature,1,19,0,5
no_signature,1,20,0,5
no_signature,1,21,0,5
no_signature,1,22,0,5
no_signature,1,23,0,5
no_signature,1,24,0,5
no_signature,1,25,0,5
no_signature,1,26,0,5
no_signature,1,27,0,5
no_signature,1,28,0,5
no_signature,1,29,0,5
no_signature,1,30,0,5
