run,round,reference_scheme,scheme,max_abs_diff
1,1,no_signature,ECDSA-256,0.0
1,1,no_signature,Falcon-padded-512,0.0
1,1,no_signature,ML-DSA-44,0.0
1,1,no_signature,ML-DSA-65,0.0
1,1,no_signature,ML-DSA-87,0.0
1,1,no_signature,RSA-2048,0.0
1,1,no_signature,SPHINCS+-SHA2-128s-simple,0.0
2,1,no_signature,ECDSA-256,0.0
2,1,no_signature,Falcon-padded-512,0.0
2,1,no_signature,ML-DSA-44,0.0
2,1,no_signature,ML-DSA-65,0.0
2,1,no_signature,ML-DSA-87,0.0
2,1,no_signature,RSA-2048,0.0
2,1,no_signature,SPHINCS+-SHA2-128s-simple,0.0
2,2,no_signature,ECDSA-256,0.025640218402630754
2,2,no_signature,Falcon-padded-512,0.013713333553399654
2,2,no_signature,ML-DSA-44,0.0
2,2,no_signature,ML-DSA-65,0.02333632520974227
2,2,no_signature,ML-DSA-87,0.0
2,2,no_signature,RSA-2048,0.011529099446135227
2,2,no_signature,SPHINCS+-SHA2-128s-simple,0.025640218402630754
2,3,no_signature,ECDSA-256,0.01731257183483237
2,3,no_signature,Falcon-padded-512,0.027003859178707623
2,3,no_signature,ML-DSA-44,0.02092344082963349
2,3,no_signature,ML-DSA-65,0.0187745151428369
2,3,no_signature,ML-DSA-87,0.017713080960721772
2,3,no_signature,RSA-2048,0.027072015280921624
2,3,no_signature,SPHINCS+-SHA2-128s-simple,0.014254788240304794
2,4,no_signature,ECDSA-256,0.005718983400363031
2,4,no_signature,Falcon-padded-512,0.003839517744204324
2,4,no_signature,ML-DSA-44,0.011044641843618974
2,4,no_signature,ML-DSA-65,0.0202554108235784
2,4,no_signature,ML-DSA-87,0.009253147882394508
2,4,no_signature,RSA-2048,0.01588824591316751
2,4,no_signature,SPHINCS+-SHA2-128s-simple,0.008571026233819667
2,5,no_signature,ECDSA-256,0.019436922317114913
2,5,no_signature,Falcon-padded-512,0.022723694578907994
2,5,no_signature,ML-DSA-44,0.018708728372860195
2,5,no_signature,ML-DSA-65,0.017684745712402083
2,5,no_signature,ML-DSA-87,0.01282922033303846
2,5,no_signature,RSA-2048,0.02511356794796038
2,5,no_signature,SPHINCS+-SHA2-128s-simple,0.016722798918763493
2,6,no_signature,ECDSA-256,0.010276307789281791
2,6,no_signature,Falcon-padded-512,0.008992005841800266
2,6,no_signature,ML-DSA-44,0.009149676313796373
2,6,no_signature,ML-DSA-65,0.02042439703743315
2,6,no_signature,ML-DSA-87,0.016222141992550565
2,6,no_signature,RSA-2048,0.011615081526600735
2,6,no_signature,SPHINCS+-SHA2-128s-simple,0.020124513501176278
2,7,no_signature,ECDSA-256,0.019181486135854797
2,7,no_signature,Falcon-padded-512,0.0068380766021558514
2,7,no_signature,ML-DSA-44,0.010459875717711453
2,7,no_signature,ML-DSA-65,0.016175590098475467
2,7,no_signature,ML-DSA-87,0.006182853977520164
2,7,no_signature,RSA-2048,0.01209524302436904
2,7,no_signature,SPHINCS+-SHA2-128s-simple,0.015732310926571458
2,8,no_signature,ECDSA-256,0.026916455060910005
2,8,no_signature,Falcon-padded-512,0.011205806138035568
2,8,no_signature,ML-DSA-44,0.029633866712308166
2,8,no_signature,ML-DSA-65,0.023574131936691778
2,8,no_signature,ML-DSA-87,0.024403003458016936
2,8,no_signature,RSA-2048,0.036072868127792534
2,8,no_signature,SPHINCS+-SHA2-128s-simple,0.023840823207800454
2,9,no_signature,ECDSA-256,0.025263997502982027
2,9,no_signature,Falcon-padded-512,0.010994271062814254
2,9,no_signature,ML-DSA-44,0.021687689490211604
2,9,no_signature,ML-DSA-65,0.03508075986045622
2,9,no_signature,ML-DSA-87,0.02548593292221102
2,9,no_signature,RSA-2048,0.028769052638032644
2,9,no_signature,SPHINCS+-SHA2-128s-simple,0.018294045719475793
2,10,no_signature,ECDSA-256,0.024148983505968058
2,10,no_signature,Falcon-padded-512,0.02401282288395945
2,10,no_signature,ML-DSA-44,0.007715876252887388
2,10,no_signature,ML-DSA-65,0.026460778503753057
2,10,no_signature,ML-DSA-87,0.02169087529182434
2,10,no_signature,RSA-2048,0.024535930956514518
2,10,no_signature,SPHINCS+-SHA2-128s-simple,0.021779311826815695
2,11,no_signature,ECDSA-256,0.011756149819864614
2,11,no_signature,Falcon-padded-512,0.011404740067716523
2,11,no_signature,ML-DSA-44,0.011710344888150814
2,11,no_signature,ML-DSA-65,0.026541731989802586
2,11,no_signature,ML-DSA-87,0.013112666698309572
2,11,no_signature,RSA-2048,0.005774691462897663
2,11,no_signature,SPHINCS+-SHA2-128s-simple,0.011627582886729382
2,12,no_signature,ECDSA-256,0.016772384365526638
2,12,no_signature,Falcon-padded-512,0.020020988326484024
2,12,no_signature,ML-DSA-44,0.018235483537085928
2,12,no_signature,ML-DSA-65,0.030726790951844607
2,12,no_signature,ML-DSA-87,0.009819367632698306
2,12,no_signature,RSA-2048,0.013658788543158829
2,12,no_signature,SPHINCS+-SHA2-128s-simple,0.016525987619028237
2,13,no_signature,ECDSA-256,0.017748609994547082
2,13,no_signature,Falcon-padded-512,0.01878845106108129
2,13,no_signature,ML-DSA-44,0.018235680775139707
2,13,no_signature,ML-DSA-65,0.02112348968038158
2,13,no_signature,ML-DSA-87,0.014064809480033413
2,13,no_signature,RSA-2048,0.010907523000773467
2,13,no_signature,SPHINCS+-SHA2-128s-simple,0.021059421566538172
2,14,no_signature,ECDSA-256,0.021995056575289218
2,14,no_signature,Falcon-padded-512,0.01883260891460381
2,14,no_signature,ML-DSA-44,0.02087335924085343
2,14,no_signature,ML-DSA-65,0.009760325637678813
2,14,no_signature,ML-DSA-87,0.02629331751658137
2,14,no_signature,RSA-2048,0.013739351861583593
2,14,no_signature,SPHINCS+-SHA2-128s-simple,0.0206913493169002
2,15,no_signature,ECDSA-256,0.014654730288936713
2,15,no_signature,Falcon-padded-512,0.018469896685248677
2,15,no_signature,ML-DSA-44,0.012171409179132175
2,15,no_signature,ML-DSA-65,0.027932623752389807
2,15,no_signature,ML-DSA-87,0.01603354692173453
2,15,no_signature,RSA-2048,0.02103848574450984
2,15,no_signature,SPHINCS+-SHA2-128s-simple,0.02389322411709316
2,16,no_signature,ECDSA-256,0.019079193508567904
2,16,no_signature,Falcon-padded-512,0.007519888992126744
2,16,no_signature,ML-DSA-44,0.01785054095922567
2,16,no_signature,ML-DSA-65,0.0234916331692816
2,16,no_signature,ML-DSA-87,0.016015202045059795
2,16,no_signature,RSA-2048,0.026913331863217427
2,16,no_signature,SPHINCS+-SHA2-128s-simple,0.014779920180955974
2,17,no_signature,ECDSA-256,0.008021379466921386
2,17,no_signature,Falcon-padded-512,0.017553233205319985
2,17,no_signature,ML-DSA-44,0.01304021615761164
2,17,no_signature,ML-DSA-65,0.008957246133980301
2,17,no_signature,ML-DSA-87,0.021241610399640787
2,17,no_signature,RSA-2048,0.01773466251957162
2,17,no_signature,SPHINCS+-SHA2-128s-simple,0.01605526019280512
2,18,no_signature,ECDSA-256,0.012131756772629398
2,18,no_signature,Falcon-padded-512,0.015100100229437752
2,18,no_signature,ML-DSA-44,0.010466980893676703
2,18,no_signature,ML-DSA-65,0.021932074568046966
2,18,no_signature,ML-DSA-87,0.015534799772139174
2,18,no_signature,RSA-2048,0.016071421448319856
2,18,no_signature,SPHINCS+-SHA2-128s-simple,0.008882023614292689
2,19,no_signature,ECDSA-256,0.013333837653453806
2,19,no_signature,Falcon-padded-512,0.00836084509333862
2,19,no_signature,ML-DSA-44,0.023787628799772087
2,19,no_signature,ML-DSA-65,0.02085680788317429
2,19,no_signature,ML-DSA-87,0.008986487639502605
2,19,no_signature,RSA-2048,0.009618195871742174
2,19,no_signature,SPHINCS+-SHA2-128s-simple,0.00995267038575759
2,20,no_signature,ECDSA-256,0.02005757857114082
2,20,no_signature,Falcon-padded-512,0.009369794475718063
2,20,no_signature,ML-DSA-44,0.013976351652568164
2,20,no_signature,ML-DSA-65,0.03258885570263231
2,20,no_signature,ML-DSA-87,0.012052362052777266
2,20,no_signature,RSA-2048,0.013153620364781238
2,20,no_signature,SPHINCS+-SHA2-128s-simple,0.013367965106313828
2,21,no_signature,ECDSA-256,0.010558879806306098
2,21,no_signature,Falcon-padded-512,0.02161819295594669
2,21,no_signature,ML-DSA-44,0.02227799603923819
2,21,no_signature,ML-DSA-65,0.00921930073977656
2,21,no_signature,ML-DSA-87,0.011572756123142902
2,21,no_signature,RSA-2048,0.01844664160519266
2,21,no_signature,SPHINCS+-SHA2-128s-simple,0.013963797498649066
2,22,no_signature,ECDSA-256,0.022032870610539157
2,22,no_signature,Falcon-padded-512,0.011524443422405495
2,22,no_signature,ML-DSA-44,0.008893204665483934
2,22,no_signature,ML-DSA-65,0.01757203936636359
2,22,no_signature,ML-DSA-87,0.01033439433660377
2,22,no_signature,RSA-2048,0.01525194729014806
2,22,no_signature,SPHINCS+-SHA2-128s-simple,0.018629263753232095
2,23,no_signature,ECDSA-256,0.012995821676743624
2,23,no_signature,Falcon-padded-512,0.012550203483730316
2,23,no_signature,ML-DSA-44,0.015297896234681585
2,23,no_signature,ML-DSA-65,0.020122519125953642
2,23,no_signature,ML-DSA-87,0.011503771837122312
2,23,no_signature,RSA-2048,0.02539430786305047
2,23,no_signature,SPHINCS+-SHA2-128s-simple,0.01321878149129524
2,24,no_signature,ECDSA-256,0.02025164939022772
2,24,no_signature,Falcon-padded-512,0.010824051215506725
2,24,no_signature,ML-DSA-44,0.021669551867027625
2,24,no_signature,ML-DSA-65,0.023751464624779117
2,24,no_signature,ML-DSA-87,0.008377237118983027
2,24,no_signature,RSA-2048,0.014052324803373428
2,24,no_signature,SPHINCS+-SHA2-128s-simple,0.009212737825636641
2,25,no_signature,ECDSA-256,0.020812683393613418
2,25,no_signature,Falcon-padded-512,0.015896188150258228
2,25,no_signature,ML-DSA-44,0.02014634886402461
2,25,no_signature,ML-DSA-65,0.02414885765096303
2,25,no_signature,ML-DSA-87,0.007939417593585796
2,25,no_signature,RSA-2048,0.016702018279475206
2,25,no_signature,SPHINCS+-SHA2-128s-simple,0.011876581206965386
2,26,no_signature,ECDSA-256,0.017310144693647278
2,26,no_signature,Falcon-padded-512,0.012083876974725904
2,26,no_signature,ML-DSA-44,0.015531496010935009
2,26,no_signature,ML-DSA-65,0.013724863230170414
2,26,no_signature,ML-DSA-87,0.011547169758203302
2,26,no_signature,RSA-2048,0.01722454956729713
2,26,no_signature,SPHINCS+-SHA2-128s-simple,0.009689247667843015
2,27,no_signature,ECDSA-256,0.024066648266007518
2,27,no_signature,Falcon-padded-512,0.024426869945392393
2,27,no_signature,ML-DSA-44,0.011719636760425867
2,27,no_signature,ML-DSA-65,0.019397386047727283
2,27,no_signature,ML-DSA-87,0.008810905537333047
2,27,no_signature,RSA-2048,0.019419981589981206
2,27,no_signature,SPHINCS+-SHA2-128s-simple,0.015054520683738082
2,28,no_signature,ECDSA-256,0.01755775927458869
2,28,no_signature,Falcon-padded-512,0.008592773075647042
2,28,no_signature,ML-DSA-44,0.017437159963779314
2,28,no_signature,ML-DSA-65,0.024604807438971477
2,28,no_signature,ML-DSA-87,0.01225679765750004
2,28,no_signature,RSA-2048,0.00841887735318353
2,28,no_signature,SPHINCS+-SHA2-128s-simple,0.01165766905868254
2,29,no_signature,ECDSA-256,0.001644198841507627
2,29,no_signature,Falcon-padded-512,0.015997690428345923
2,29,no_signature,ML-DSA-44,0.020884212488814335
2,29,no_signature,ML-DSA-65,0.017283628791415928
2,29,no_signature,ML-DSA-87,0.03170212664858646
2,29,no_signature,RSA-2048,0.011816526456295662
2,29,no_signature,SPHINCS+-SHA2-128s-simple,0.021763407891934594
2,30,no_signature,ECDSA-256,0.026385435870232676
2,30,no_signature,Falcon-padded-512,0.01331936706678749
2,30,no_signature,ML-DSA-44,0.02118892054677529
2,30,no_signature,ML-DSA-65,0.017016687199470415
2,30,no_signature,ML-DSA-87,0.010944456332169783
2,30,no_signature,RSA-2048,0.012376560971658623
2,30,no_signature,SPHINCS+-SHA2-128s-simple,0.009853390320323174
3,1,no_signature,ECDSA-256,0.0
3,1,no_signature,Falcon-padded-512,0.0
3,1,no_signature,ML-DSA-44,0.0
3,1,no_signature,ML-DSA-65,0.0
3,1,no_signature,ML-DSA-87,0.0
3,1,no_signature,RSA-2048,0.0
3,1,no_signature,SPHINCS+-SHA2-128s-simple,0.0
3,2,no_signature,ECDSA-256,0.014677356988096246
3,2,no_signature,Falcon-padded-512,0.010765993937897456
3,2,no_signature,ML-DSA-44,0.015303077027439604
3,2,no_signature,ML-DSA-65,0.017303969151676535
3,2,no_signature,ML-DSA-87,0.01692935719657629
3,2,no_signature,RSA-2048,0.011963403263030914
3,2,no_signature,SPHINCS+-SHA2-128s-simple,0.01653335041131454
3,3,no_signature,ECDSA-256,0.019159932677357494
3,3,no_signature,Falcon-padded-512,0.013330540146690328
3,3,no_signature,ML-DSA-44,0.017926121100831027
3,3,no_signature,ML-DSA-65,0.009619251988566502
3,3,no_signature,ML-DSA-87,0.009312500968908788
3,3,no_signature,RSA-2048,0.014728474921692492
3,3,no_signature,SPHINCS+-SHA2-128s-simple,0.024322146424850866
3,4,no_signature,ECDSA-256,0.01792288683473875
3,4,no_signature,Falcon-padded-512,0.02499823143687885
3,4,no_signature,ML-DSA-44,0.024144013659261
3,4,no_signature,ML-DSA-65,0.019700427215320282
3,4,no_signature,ML-DSA-87,0.013486895507897945
3,4,no_signature,RSA-2048,0.01647966909713272
3,4,no_signature,SPHINCS+-SHA2-128s-simple,0.006704348535202742
3,5,no_signature,ECDSA-256,0.007381587744520912
3,5,no_signature,Falcon-padded-512,0.01449599338415708
3,5,no_signature,ML-DSA-44,0.014458217179051713
3,5,no_signature,ML-DSA-65,0.021391775090092713
3,5,no_signature,ML-DSA-87,0.01705186740278042
3,5,no_signature,RSA-2048,0.014859029088919007
3,5,no_signature,SPHINCS+-SHA2-128s-simple,0.01903332517550793
3,6,no_signature,ECDSA-256,0.02370154000699709
3,6,no_signature,Falcon-padded-512,0.02421764624766265
3,6,no_signature,ML-DSA-44,0.026558713600658423
3,6,no_signature,ML-DSA-65,0.034033130533017486
3,6,no_signature,ML-DSA-87,0.027070821093294173
3,6,no_signature,RSA-2048,0.028977034762263543
3,6,no_signature,SPHINCS+-SHA2-128s-simple,0.026515602113339698
3,7,no_signature,ECDSA-256,0.009404785526446191
3,7,no_signature,Falcon-padded-512,0.0193900424070631
3,7,no_signature,ML-DSA-44,0.016440305275657985
3,7,no_signature,ML-DSA-65,0.025676746242724313
3,7,no_signature,ML-DSA-87,0.01733318723428745
3,7,no_signature,RSA-2048,0.01603869346384057
3,7,no_signature,SPHINCS+-SHA2-128s-simple,0.014679479237181603
3,8,no_signature,ECDSA-256,0.020053876760287803
3,8,no_signature,Falcon-padded-512,0.01990040632101686
3,8,no_signature,ML-DSA-44,0.01709376556423914
3,8,no_signature,ML-DSA-65,0.0205398940811522
3,8,no_signature,ML-DSA-87,0.014152088294775766
3,8,no_signature,RSA-2048,0.02000348169963584
3,8,no_signature,SPHINCS+-SHA2-128s-simple,0.020415503853045247
3,9,no_signature,ECDSA-256,0.010355930025585103
3,9,no_signature,Falcon-padded-512,0.010550660685228475
3,9,no_signature,ML-DSA-44,0.02001263386906149
3,9,no_signature,ML-DSA-65,0.015699606448316694
3,9,no_signature,ML-DSA-87,0.02039496657756945
3,9,no_signature,RSA-2048,0.016453034104630615
3,9,no_signature,SPHINCS+-SHA2-128s-simple,0.012423849048706082
3,10,no_signature,ECDSA-256,0.020525558926046128
3,10,no_signature,Falcon-padded-512,0.008566299661660781
3,10,no_signature,ML-DSA-44,0.016668448670984493
3,10,no_signature,ML-DSA-65,0.01255674831593001
3,10,no_signature,ML-DSA-87,0.007404057410197451
3,10,no_signature,RSA-2048,0.018639410360933528
3,10,no_signature,SPHINCS+-SHA2-128s-simple,0.026162175419993328
3,11,no_signature,ECDSA-256,0.02643228872134662
3,11,no_signature,Falcon-padded-512,0.02486495721264015
3,11,no_signature,ML-DSA-44,0.038911079493955336
3,11,no_signature,ML-DSA-65,0.01307778498425649
3,11,no_signature,ML-DSA-87,0.009641191877496125
3,11,no_signature,RSA-2048,0.01532946298488036
3,11,no_signature,SPHINCS+-SHA2-128s-simple,0.03405924327076437
3,12,no_signature,ECDSA-256,0.012636580501501515
3,12,no_signature,Falcon-padded-512,0.014721625671980876
3,12,no_signature,ML-DSA-44,0.01820631915578441
3,12,no_signature,ML-DSA-65,0.004673285082506307
3,12,no_signature,ML-DSA-87,0.014778997618169476
3,12,no_signature,RSA-2048,0.0186735500876134
3,12,no_signature,SPHINCS+-SHA2-128s-simple,0.017204870645420978
3,13,no_signature,ECDSA-256,0.007091360041699191
3,13,no_signature,Falcon-padded-512,0.03660359800147561
3,13,no_signature,ML-DSA-44,0.014154848104086959
3,13,no_signature,ML-DSA-65,0.026028064683603414
3,13,no_signature,ML-DSA-87,0.006922057785165192
3,13,no_signature,RSA-2048,0.012222864543096734
3,13,no_signature,SPHINCS+-SHA2-128s-simple,0.020756296837291854
3,14,no_signature,ECDSA-256,0.021000043843120153
3,14,no_signature,Falcon-padded-512,0.01173027376302127
3,14,no_signature,ML-DSA-44,0.006300986003571096
3,14,no_signature,ML-DSA-65,0.011320867858374828
3,14,no_signature,ML-DSA-87,0.004736739178054172
3,14,no_signature,RSA-2048,0.01787813829061713
3,14,no_signature,SPHINCS+-SHA2-128s-simple,0.008972302507668672
3,15,no_signature,ECDSA-256,0.021886267934363546
3,15,no_signature,Falcon-padded-512,0.020405997364475348
3,15,no_signature,ML-DSA-44,0.017627709804061142
3,15,no_signature,ML-DSA-65,0.004768502312346379
3,15,no_signature,ML-DSA-87,0.009527588578553958
3,15,no_signature,RSA-2048,0.01384765670274768
3,15,no_signature,SPHINCS+-SHA2-128s-simple,0.018953023484339693
3,16,no_signature,ECDSA-256,0.016764570396548217
3,16,no_signature,Falcon-padded-512,0.012385897969190318
3,16,no_signature,ML-DSA-44,0.004974409806937863
3,16,no_signature,ML-DSA-65,0.009609574196152049
3,16,no_signature,ML-DSA-87,0.011836143888937722
3,16,no_signature,RSA-2048,0.0121168192987815
3,16,no_signature,SPHINCS+-SHA2-128s-simple,0.003926835835170395
3,17,no_signature,ECDSA-256,0.01278517931437917
3,17,no_signature,Falcon-padded-512,0.014666215376779645
3,17,no_signature,ML-DSA-44,0.019414808553533447
3,17,no_signature,ML-DSA-65,0.01620537604981903
3,17,no_signature,ML-DSA-87,0.00738026049975965
3,17,no_signature,RSA-2048,0.019727066992380415
3,17,no_signature,SPHINCS+-SHA2-128s-simple,0.016057678209706994
3,18,no_signature,ECDSA-256,0.005292260918183078
3,18,no_signature,Falcon-padded-512,0.008329538586802299
3,18,no_signature,ML-DSA-44,0.00915694427780639
3,18,no_signature,ML-DSA-65,0.021115488006760108
3,18,no_signature,ML-DSA-87,0.009180718056928994
3,18,no_signature,RSA-2048,0.01938311979412649
3,18,no_signature,SPHINCS+-SHA2-128s-simple,0.009936257078053512
3,19,no_signature,ECDSA-256,0.0060611467439526945
3,19,no_signature,Falcon-padded-512,0.012190671024707112
3,19,no_signature,ML-DSA-44,0.008452023898724514
3,19,no_signature,ML-DSA-65,0.0112271069194943
3,19,no_signature,ML-DSA-87,0.015941291577376115
3,19,no_signature,RSA-2048,0.013258674357550682
3,19,no_signature,SPHINCS+-SHA2-128s-simple,0.009279130148692527
3,20,no_signature,ECDSA-256,0.00885680757653401
3,20,no_signature,Falcon-padded-512,0.015653755271825165
3,20,no_signature,ML-DSA-44,0.007915060761899406
3,20,no_signature,ML-DSA-65,0.016510601222407995
3,20,no_signature,ML-DSA-87,0.010400604772063171
3,20,no_signature,RSA-2048,0.013793249953740594
3,20,no_signature,SPHINCS+-SHA2-128s-simple,0.015138685197447377
3,21,no_signature,ECDSA-256,0.006314919246866502
3,21,no_signature,Falcon-padded-512,0.007993688006489641
3,21,no_signature,ML-DSA-44,0.004993124863507725
3,21,no_signature,ML-DSA-65,0.01238119644008745
3,21,no_signature,ML-DSA-87,0.01304122318064399
3,21,no_signature,RSA-2048,0.007713138100545303
3,21,no_signature,SPHINCS+-SHA2-128s-simple,0.010850657697041022
3,22,no_signature,ECDSA-256,0.0077971588960066285
3,22,no_signature,Falcon-padded-512,0.019119155694382495
3,22,no_signature,ML-DSA-44,0.011871762097643512
3,22,no_signature,ML-DSA-65,0.010831456213368285
3,22,no_signature,ML-DSA-87,0.017838256290783505
3,22,no_signature,RSA-2048,0.015100530257966205
3,22,no_signature,SPHINCS+-SHA2-128s-simple,0.0171694576252287
3,23,no_signature,ECDSA-256,0.005418163030958878
3,23,no_signature,Falcon-padded-512,0.006690891719937975
3,23,no_signature,ML-DSA-44,0.014290270446159992
3,23,no_signature,ML-DSA-65,0.008806907702772926
3,23,no_signature,ML-DSA-87,0.009341655462718368
3,23,no_signature,RSA-2048,0.007946432815096993
3,23,no_signature,SPHINCS+-SHA2-128s-simple,0.019865621610309525
3,24,no_signature,ECDSA-256,0.00826029075137058
3,24,no_signature,Falcon-padded-512,0.00568218910382301
3,24,no_signature,ML-DSA-44,0.023087010311242495
3,24,no_signature,ML-DSA-65,0.014633470455172604
3,24,no_signature,ML-DSA-87,0.006714733061603806
3,24,no_signature,RSA-2048,0.0066229679864256985
3,24,no_signature,SPHINCS+-SHA2-128s-simple,0.022657901307526374
3,25,no_signature,ECDSA-256,0.006285941655250704
3,25,no_signature,Falcon-padded-512,0.012196689159773122
3,25,no_signature,ML-DSA-44,0.010424581805642763
3,25,no_signature,ML-DSA-65,0.01102658883540536
3,25,no_signature,ML-DSA-87,0.010738479590918226
3,25,no_signature,RSA-2048,0.01368199010192156
3,25,no_signature,SPHINCS+-SHA2-128s-simple,0.006653593859066997
3,26,no_signature,ECDSA-256,0.015633448683165796
3,26,no_signature,Falcon-padded-512,0.007518512602618765
3,26,no_signature,ML-DSA-44,0.011671853598397675
3,26,no_signature,ML-DSA-65,0.019092599734122473
3,26,no_signature,ML-DSA-87,0.014229206036562081
3,26,no_signature,RSA-2048,0.014669585853261613
3,26,no_signature,SPHINCS+-SHA2-128s-simple,0.012091402428599574
3,27,no_signature,ECDSA-256,0.008345036111331694
3,27,no_signature,Falcon-padded-512,0.00504577348377705
3,27,no_signature,ML-DSA-44,0.02157936804740429
3,27,no_signature,ML-DSA-65,0.011318232812070783
3,27,no_signature,ML-DSA-87,0.024900438997838004
3,27,no_signature,RSA-2048,0.013514028148005564
3,27,no_signature,SPHINCS+-SHA2-128s-simple,0.02580976481966002
3,28,no_signature,ECDSA-256,0.016082242866174656
3,28,no_signature,Falcon-padded-512,0.004561659592849487
3,28,no_signature,ML-DSA-44,0.015671066114509413
3,28,no_signature,ML-DSA-65,0.010049386662594695
3,28,no_signature,ML-DSA-87,0.02070084179769427
3,28,no_signature,RSA-2048,0.019281701425078512
3,28,no_signature,SPHINCS+-SHA2-128s-simple,0.00980348681685883
3,29,no_signature,ECDSA-256,0.011905999476694129
3,29,no_signature,Falcon-padded-512,0.0095812478608574
3,29,no_signature,ML-DSA-44,0.015691798677245516
3,29,no_signature,ML-DSA-65,0.013257559460287283
3,29,no_signature,ML-DSA-87,0.011421768533321774
3,29,no_signature,RSA-2048,0.010268222372502911
3,29,no_signature,SPHINCS+-SHA2-128s-simple,0.013237170267332399
3,30,no_signature,ECDSA-256,0.014782274077935087
3,30,no_signature,Falcon-padded-512,0.011002955838112505
3,30,no_signature,ML-DSA-44,0.006391851192030895
3,30,no_signature,ML-DSA-65,0.0042105619750988366
3,30,no_signature,ML-DSA-87,0.01675436533422181
3,30,no_signature,RSA-2048,0.011457905953247194
3,30,no_signature,SPHINCS+-SHA2-128s-simple,0.007324984055027295
4,1,no_signature,ECDSA-256,0.0
4,1,no_signature,Falcon-padded-512,0.0
4,1,no_signature,ML-DSA-44,0.0
4,1,no_signature,ML-DSA-65,0.0
4,1,no_signature,ML-DSA-87,0.0
4,1,no_signature,RSA-2048,0.0
4,1,no_signature,SPHINCS+-SHA2-128s-simple,0.0
4,2,no_signature,ECDSA-256,0.0077127267758305695
4,2,no_signature,Falcon-padded-512,0.008172753139045197
4,2,no_signature,ML-DSA-44,0.004099621940344411
4,2,no_signature,ML-DSA-65,0.009273529052734375
4,2,no_signature,ML-DSA-87,0.004099621940344411
4,2,no_signature,RSA-2048,0.009273529052734375
4,2,no_signature,SPHINCS+-SHA2-128s-simple,0.008172753139045197
4,3,no_signature,ECDSA-256,0.024918703035043732
4,3,no_signature,Falcon-padded-512,0.013749086818755973
4,3,no_signature,ML-DSA-44,0.018823888164739566
4,3,no_signature,ML-DSA-65,0.015690177393416604
4,3,no_signature,ML-DSA-87,0.03134807192098621
4,3,no_signature,RSA-2048,0.016328829926804733
4,3,no_signature,SPHINCS+-SHA2-128s-simple,0.013577046104894297
4,4,no_signature,ECDSA-256,0.007394576796327712
4,4,no_signature,Falcon-padded-512,0.010775989236923245
4,4,no_signature,ML-DSA-44,0.007364272309568376
4,4,no_signature,ML-DSA-65,0.013407105264572339
4,4,no_signature,ML-DSA-87,0.010077259601495525
4,4,no_signature,RSA-2048,0.014581282870076429
4,4,no_signature,SPHINCS+-SHA2-128s-simple,0.007466864471618484
4,5,no_signature,ECDSA-256,0.011010367268571075
4,5,no_signature,Falcon-padded-512,0.011367658456674201
4,5,no_signature,ML-DSA-44,0.006059454652828533
4,5,no_signature,ML-DSA-65,0.01585825773092875
4,5,no_signature,ML-DSA-87,0.022361890576518162
4,5,no_signature,RSA-2048,0.0156233702985622
4,5,no_signature,SPHINCS+-SHA2-128s-simple,0.009176232563420816
4,6,no_signature,ECDSA-256,0.026730878570209615
4,6,no_signature,Falcon-padded-512,0.02091482205512829
4,6,no_signature,ML-DSA-44,0.021293760964665065
4,6,no_signature,ML-DSA-65,0.005698649837567293
4,6,no_signature,ML-DSA-87,0.01727670316878993
4,6,no_signature,RSA-2048,0.02170213380941588
4,6,no_signature,SPHINCS+-SHA2-128s-simple,0.01738222357564112
4,7,no_signature,ECDSA-256,0.011995990341082896
4,7,no_signature,Falcon-padded-512,0.022298153977805546
4,7,no_signature,ML-DSA-44,0.009641313324340262
4,7,no_signature,ML-DSA-65,0.005458116340941732
4,7,no_signature,ML-DSA-87,0.013980173931334994
4,7,no_signature,RSA-2048,0.025336748114028307
4,7,no_signature,SPHINCS+-SHA2-128s-simple,0.00663353269473399
4,8,no_signature,ECDSA-256,0.024716315558924173
4,8,no_signature,Falcon-padded-512,0.014994407709414292
4,8,no_signature,ML-DSA-44,0.015428434259975421
4,8,no_signature,ML-DSA-65,0.014205251067591185
4,8,no_signature,ML-DSA-87,0.018287255074650455
4,8,no_signature,RSA-2048,0.009274195177486622
4,8,no_signature,SPHINCS+-SHA2-128s-simple,0.012659199321612746
4,9,no_signature,ECDSA-256,0.011533890288477844
4,9,no_signature,Falcon-padded-512,0.007709450805530094
4,9,no_signature,ML-DSA-44,0.016963883996390594
4,9,no_signature,ML-DSA-65,0.009871084421587462
4,9,no_signature,ML-DSA-87,0.011371388317296782
4,9,no_signature,RSA-2048,0.009394904295095707
4,9,no_signature,SPHINCS+-SHA2-128s-simple,0.01700406314465941
4,10,no_signature,ECDSA-256,0.01100722155251066
4,10,no_signature,Falcon-padded-512,0.019935466134890945
4,10,no_signature,ML-DSA-44,0.013524628009278117
4,10,no_signature,ML-DSA-65,0.009633836845239552
4,10,no_signature,ML-DSA-87,0.014487260541976799
4,10,no_signature,RSA-2048,0.01515489445326812
4,10,no_signature,SPHINCS+-SHA2-128s-simple,0.02601597627130947
4,11,no_signature,ECDSA-256,0.018212607588630858
4,11,no_signature,Falcon-padded-512,0.020972981763343057
4,11,no_signature,ML-DSA-44,0.013344611317966715
4,11,no_signature,ML-DSA-65,0.019325554323272542
4,11,no_signature,ML-DSA-87,0.013719561572272942
4,11,no_signature,RSA-2048,0.021750439374972452
4,11,no_signature,SPHINCS+-SHA2-128s-simple,0.012114859569948622
4,12,no_signature,ECDSA-256,0.008574437552366754
4,12,no_signature,Falcon-padded-512,0.007342561555746641
4,12,no_signature,ML-DSA-44,0.019315604156198596
4,12,no_signature,ML-DSA-65,0.013014661094632007
4,12,no_signature,ML-DSA-87,0.021527002032953324
4,12,no_signature,RSA-2048,0.028624579167594533
4,12,no_signature,SPHINCS+-SHA2-128s-simple,0.020933865929563922
4,13,no_signature,ECDSA-256,0.007458392328347663
4,13,no_signature,Falcon-padded-512,0.019929967987270758
4,13,no_signature,ML-DSA-44,0.027068838857995048
4,13,no_signature,ML-DSA-65,0.016659777671003462
4,13,no_signature,ML-DSA-87,0.019399075533825805
4,13,no_signature,RSA-2048,0.027165708736108907
4,13,no_signature,SPHINCS+-SHA2-128s-simple,0.018245432228325975
4,14,no_signature,ECDSA-256,0.023509980354922244
4,14,no_signature,Falcon-padded-512,0.02327459803023657
4,14,no_signature,ML-DSA-44,0.015682047774521313
4,14,no_signature,ML-DSA-65,0.023979404125922033
4,14,no_signature,ML-DSA-87,0.01969692972711856
4,14,no_signature,RSA-2048,0.018404061778094394
4,14,no_signature,SPHINCS+-SHA2-128s-simple,0.022123430983517434
4,15,no_signature,ECDSA-256,0.013107796446583886
4,15,no_signature,Falcon-padded-512,0.009142938203895445
4,15,no_signature,ML-DSA-44,0.01072711103592816
4,15,no_signature,ML-DSA-65,0.0081994419756789
4,15,no_signature,ML-DSA-87,0.015931696009140794
4,15,no_signature,RSA-2048,0.01192344816181412
4,15,no_signature,SPHINCS+-SHA2-128s-simple,0.010113843713705495
4,16,no_signature,ECDSA-256,0.018857111231968426
4,16,no_signature,Falcon-padded-512,0.018507767849551215
4,16,no_signature,ML-DSA-44,0.02447934604633739
4,16,no_signature,ML-DSA-65,0.007126130461216795
4,16,no_signature,ML-DSA-87,0.014106669698279561
4,16,no_signature,RSA-2048,0.01023568289158061
4,16,no_signature,SPHINCS+-SHA2-128s-simple,0.013788795842530233
4,17,no_signature,ECDSA-256,0.015680791494754986
4,17,no_signature,Falcon-padded-512,0.018569856150129294
4,17,no_signature,ML-DSA-44,0.014698367583723115
4,17,no_signature,ML-DSA-65,0.02156154018716694
4,17,no_signature,ML-DSA-87,0.02307836261515428
4,17,no_signature,RSA-2048,0.028033295806985326
4,17,no_signature,SPHINCS+-SHA2-128s-simple,0.007196074940811759
4,18,no_signature,ECDSA-256,0.016156164697183895
4,18,no_signature,Falcon-padded-512,0.011490430599584378
4,18,no_signature,ML-DSA-44,0.012031037479448614
4,18,no_signature,ML-DSA-65,0.010002356385603872
4,18,no_signature,ML-DSA-87,0.024220266995338524
4,18,no_signature,RSA-2048,0.010782618408861966
4,18,no_signature,SPHINCS+-SHA2-128s-simple,0.025562315161664184
4,19,no_signature,ECDSA-256,0.009208558436733127
4,19,no_signature,Falcon-padded-512,0.013355644247211917
4,19,no_signature,ML-DSA-44,0.013233243187252663
4,19,no_signature,ML-DSA-65,0.015407088483436804
4,19,no_signature,ML-DSA-87,0.007777407926063962
4,19,no_signature,RSA-2048,0.014319540337680292
4,19,no_signature,SPHINCS+-SHA2-128s-simple,0.010428838640118232
4,20,no_signature,ECDSA-256,0.016541973309823488
4,20,no_signature,Falcon-padded-512,0.021616530726654926
4,20,no_signature,ML-DSA-44,0.016841438262702624
4,20,no_signature,ML-DSA-65,0.022441750802932814
4,20,no_signature,ML-DSA-87,0.013235197863734893
4,20,no_signature,RSA-2048,0.019114285392073826
4,20,no_signature,SPHINCS+-SHA2-128s-simple,0.017226300342157275
4,21,no_signature,ECDSA-256,0.018767792588700816
4,21,no_signature,Falcon-padded-512,0.010673219510636767
4,21,no_signature,ML-DSA-44,0.021995675128203218
4,21,no_signature,ML-DSA-65,0.01764210676566097
4,21,no_signature,ML-DSA-87,0.012257172452351306
4,21,no_signature,RSA-2048,0.02160018448012707
4,21,no_signature,SPHINCS+-SHA2-128s-simple,0.01841491390579042
4,22,no_signature,ECDSA-256,0.025944677794489
4,22,no_signature,Falcon-padded-512,0.027940083750354006
4,22,no_signature,ML-DSA-44,0.016702613379723008
4,22,no_signature,ML-DSA-65,0.01718724980361208
4,22,no_signature,ML-DSA-87,0.029363744713651718
4,22,no_signature,RSA-2048,0.011323565402969804
4,22,no_signature,SPHINCS+-SHA2-128s-simple,0.011678262326580702
4,23,no_signature,ECDSA-256,0.004115494967887601
4,23,no_signature,Falcon-padded-512,0.0061096725684141595
4,23,no_signature,ML-DSA-44,0.013500004829749612
4,23,no_signature,ML-DSA-65,0.009597869710431417
4,23,no_signature,ML-DSA-87,0.010024380292921964
4,23,no_signature,RSA-2048,0.016911637129860158
4,23,no_signature,SPHINCS+-SHA2-128s-simple,0.0057165362506200745
4,24,no_signature,ECDSA-256,0.02451531488460279
4,24,no_signature,Falcon-padded-512,0.011007979046553318
4,24,no_signature,ML-DSA-44,0.009821375486806894
4,24,no_signature,ML-DSA-65,0.009219588150981395
4,24,no_signature,ML-DSA-87,0.013641837026221737
4,24,no_signature,RSA-2048,0.012074587461255892
4,24,no_signature,SPHINCS+-SHA2-128s-simple,0.0069995102451775315
4,25,no_signature,ECDSA-256,0.008154713752539677
4,25,no_signature,Falcon-padded-512,0.01767977510546198
4,25,no_signature,ML-DSA-44,0.019442925989901605
4,25,no_signature,ML-DSA-65,0.010329345366158815
4,25,no_signature,ML-DSA-87,0.02140893401970828
4,25,no_signature,RSA-2048,0.015848308937034983
4,25,no_signature,SPHINCS+-SHA2-128s-simple,0.01736729079708693
4,26,no_signature,ECDSA-256,0.02018087773811461
4,26,no_signature,Falcon-padded-512,0.01849839151740229
4,26,no_signature,ML-DSA-44,0.01152928288990318
4,26,no_signature,ML-DSA-65,0.008307316669295683
4,26,no_signature,ML-DSA-87,0.01223958922496532
4,26,no_signature,RSA-2048,0.0290939079407162
4,26,no_signature,SPHINCS+-SHA2-128s-simple,0.015535077529798713
4,27,no_signature,ECDSA-256,0.016151969493649387
4,27,no_signature,Falcon-padded-512,0.024608194545363726
4,27,no_signature,ML-DSA-44,0.01323618434708762
4,27,no_signature,ML-DSA-65,0.01032746560014669
4,27,no_signature,ML-DSA-87,0.006918964248460002
4,27,no_signature,RSA-2048,0.019796901143724344
4,27,no_signature,SPHINCS+-SHA2-128s-simple,0.021254659225694195
4,28,no_signature,ECDSA-256,0.020369560527689623
4,28,no_signature,Falcon-padded-512,0.025768526296425898
4,28,no_signature,ML-DSA-44,0.01705998699433703
4,28,no_signature,ML-DSA-65,0.010120923570639984
4,28,no_signature,ML-DSA-87,0.010632670420510693
4,28,no_signature,RSA-2048,0.018132298350179377
4,28,no_signature,SPHINCS+-SHA2-128s-simple,0.018862677022469576
4,29,no_signature,ECDSA-256,0.0198925250253012
4,29,no_signature,Falcon-padded-512,0.013704855588246911
4,29,no_signature,ML-DSA-44,0.010946614011681788
4,29,no_signature,ML-DSA-65,0.01031130635456301
4,29,no_signature,ML-DSA-87,0.018874906974966688
4,29,no_signature,RSA-2048,0.01928718764775289
4,29,no_signature,SPHINCS+-SHA2-128s-simple,0.013516334894175808
4,30,no_signature,ECDSA-256,0.026386894516649884
4,30,no_signature,Falcon-padded-512,0.007318949798485075
4,30,no_signature,ML-DSA-44,0.010941347402606771
4,30,no_signature,ML-DSA-65,0.028010693494417982
4,30,no_signature,ML-DSA-87,0.00851463312588141
4,30,no_signature,RSA-2048,0.008826731156316714
4,30,no_signature,SPHINCS+-SHA2-128s-simple,0.012911677576721292
5,1,no_signature,ECDSA-256,0.0
5,1,no_signature,Falcon-padded-512,0.0
5,1,no_signature,ML-DSA-44,0.0
5,1,no_signature,ML-DSA-65,0.0
5,1,no_signature,ML-DSA-87,0.0
5,1,no_signature,RSA-2048,0.0
5,1,no_signature,SPHINCS+-SHA2-128s-simple,0.0
5,2,no_signature,ECDSA-256,0.011271237184445004
5,2,no_signature,Falcon-padded-512,0.01599687699692698
5,2,no_signature,ML-DSA-44,0.010682281594687426
5,2,no_signature,ML-DSA-65,0.010719170966468239
5,2,no_signature,ML-DSA-87,0.010719170966468239
5,2,no_signature,RSA-2048,0.007885095791313912
5,2,no_signature,SPHINCS+-SHA2-128s-simple,0.00740527078366493
5,3,no_signature,ECDSA-256,0.008950354573063812
5,3,no_signature,Falcon-padded-512,0.022915636007778017
5,3,no_signature,ML-DSA-44,0.015143264215975227
5,3,no_signature,ML-DSA-65,0.012074118605055917
5,3,no_signature,ML-DSA-87,0.011129384414075627
5,3,no_signature,RSA-2048,0.008505284595794027
5,3,no_signature,SPHINCS+-SHA2-128s-simple,0.014275384025451698
5,4,no_signature,ECDSA-256,0.020222959046165778
5,4,no_signature,Falcon-padded-512,0.017645790744513556
5,4,no_signature,ML-DSA-44,0.00872329648691239
5,4,no_signature,ML-DSA-65,0.020927218393015146
5,4,no_signature,ML-DSA-87,0.013017077034654712
5,4,no_signature,RSA-2048,0.009483263896295835
5,4,no_signature,SPHINCS+-SHA2-128s-simple,0.012246086765021369
5,5,no_signature,ECDSA-256,0.014966304500263039
5,5,no_signature,Falcon-padded-512,0.01514360870416187
5,5,no_signature,ML-DSA-44,0.015735462069892403
5,5,no_signature,ML-DSA-65,0.019011724680757514
5,5,no_signature,ML-DSA-87,0.017495448025651728
5,5,no_signature,RSA-2048,0.01807716707832907
5,5,no_signature,SPHINCS+-SHA2-128s-simple,0.01326511214716386
5,6,no_signature,ECDSA-256,0.015013908235409934
5,6,no_signature,Falcon-padded-512,0.012846230603635655
5,6,no_signature,ML-DSA-44,0.008583180820598946
5,6,no_signature,ML-DSA-65,0.015500724125213194
5,6,no_signature,ML-DSA-87,0.00838642893507835
5,6,no_signature,RSA-2048,0.013151040473304398
5,6,no_signature,SPHINCS+-SHA2-128s-simple,0.012047171021421832
5,7,no_signature,ECDSA-256,0.007801475235448385
5,7,no_signature,Falcon-padded-512,0.013771808280731435
5,7,no_signature,ML-DSA-44,0.01112574281783918
5,7,no_signature,ML-DSA-65,0.013417984254824988
5,7,no_signature,ML-DSA-87,0.011942966867940275
5,7,no_signature,RSA-2048,0.010222858514267852
5,7,no_signature,SPHINCS+-SHA2-128s-simple,0.008709069734183172
5,8,no_signature,ECDSA-256,0.00792629107499665
5,8,no_signature,Falcon-padded-512,0.013207738011028147
5,8,no_signature,ML-DSA-44,0.00853904710410125
5,8,no_signature,ML-DSA-65,0.012423546074297631
5,8,no_signature,ML-DSA-87,0.02620703915056699
5,8,no_signature,RSA-2048,0.004104888667694762
5,8,no_signature,SPHINCS+-SHA2-128s-simple,0.008275900214624987
5,9,no_signature,ECDSA-256,0.014693852430715415
5,9,no_signature,Falcon-padded-512,0.016976867335292245
5,9,no_signature,ML-DSA-44,0.01304566260343909
5,9,no_signature,ML-DSA-65,0.01561952979800807
5,9,no_signature,ML-DSA-87,0.012379039685947113
5,9,no_signature,RSA-2048,0.015745492408069883
5,9,no_signature,SPHINCS+-SHA2-128s-simple,0.021914310063036013
5,10,no_signature,ECDSA-256,0.02551517461816344
5,10,no_signature,Falcon-padded-512,0.008671167654732082
5,10,no_signature,ML-DSA-44,0.02177702261807435
5,10,no_signature,ML-DSA-65,0.016646776050805334
5,10,no_signature,ML-DSA-87,0.021557445486132698
5,10,no_signature,RSA-2048,0.011842616354695523
5,10,no_signature,SPHINCS+-SHA2-128s-simple,0.018821504359809005
5,11,no_signature,ECDSA-256,0.011976270534740818
5,11,no_signature,Falcon-padded-512,0.02271768169852484
5,11,no_signature,ML-DSA-44,0.015688746643904294
5,11,no_signature,ML-DSA-65,0.01453435544769599
5,11,no_signature,ML-DSA-87,0.015558284168807002
5,11,no_signature,RSA-2048,0.021292813669759214
5,11,no_signature,SPHINCS+-SHA2-128s-simple,0.013226483528987254
5,12,no_signature,ECDSA-256,0.00638957145495922
5,12,no_signature,Falcon-padded-512,0.005804629776234083
5,12,no_signature,ML-DSA-44,0.011756488642753582
5,12,no_signature,ML-DSA-65,0.009662185756924124
5,12,no_signature,ML-DSA-87,0.02153847728388758
5,12,no_signature,RSA-2048,0.02091406471432211
5,12,no_signature,SPHINCS+-SHA2-128s-simple,0.015959600718638445
5,13,no_signature,ECDSA-256,0.018675325301508616
5,13,no_signature,Falcon-padded-512,0.01354482284369185
5,13,no_signature,ML-DSA-44,0.014807973711635336
5,13,no_signature,ML-DSA-65,0.012304958158407708
5,13,no_signature,ML-DSA-87,0.012419178510626239
5,13,no_signature,RSA-2048,0.019660400125546262
5,13,no_signature,SPHINCS+-SHA2-128s-simple,0.017187373302043785
5,14,no_signature,ECDSA-256,0.016474869399786707
5,14,no_signature,Falcon-padded-512,0.013458188992148346
5,14,no_signature,ML-DSA-44,0.016832674939792347
5,14,no_signature,ML-DSA-65,0.024705224500867873
5,14,no_signature,ML-DSA-87,0.025188521050607093
5,14,no_signature,RSA-2048,0.021584453936011605
5,14,no_signature,SPHINCS+-SHA2-128s-simple,0.014532733958559696
5,15,no_signature,ECDSA-256,0.01593927259500405
5,15,no_signature,Falcon-padded-512,0.006557613325576028
5,15,no_signature,ML-DSA-44,0.011625016875826955
5,15,no_signature,ML-DSA-65,0.02097348504649177
5,15,no_signature,ML-DSA-87,0.011495316680818268
5,15,no_signature,RSA-2048,0.022266752886981656
5,15,no_signature,SPHINCS+-SHA2-128s-simple,0.005194981424762823
5,16,no_signature,ECDSA-256,0.017015283373883694
5,16,no_signature,Falcon-padded-512,0.015199304662478319
5,16,no_signature,ML-DSA-44,0.011719964992124132
5,16,no_signature,ML-DSA-65,0.02042320874123915
5,16,no_signature,ML-DSA-87,0.015314936233214338
5,16,no_signature,RSA-2048,0.014886824348673722
5,16,no_signature,SPHINCS+-SHA2-128s-simple,0.015773897603773124
5,17,no_signature,ECDSA-256,0.022060257076217393
5,17,no_signature,Falcon-padded-512,0.016752595052170638
5,17,no_signature,ML-DSA-44,0.008522338879565439
5,17,no_signature,ML-DSA-65,0.022187774992003417
5,17,no_signature,ML-DSA-87,0.007948450928631334
5,17,no_signature,RSA-2048,0.007677631065868273
5,17,no_signature,SPHINCS+-SHA2-128s-simple,0.012222307903793195
5,18,no_signature,ECDSA-256,0.009904844722094575
5,18,no_signature,Falcon-padded-512,0.017733256805676223
5,18,no_signature,ML-DSA-44,0.009482873942905312
5,18,no_signature,ML-DSA-65,0.01434278267379191
5,18,no_signature,ML-DSA-87,0.01645527139139441
5,18,no_signature,RSA-2048,0.011613930596377886
5,18,no_signature,SPHINCS+-SHA2-128s-simple,0.009897272968396875
5,19,no_signature,ECDSA-256,0.020370568288638924
5,19,no_signature,Falcon-padded-512,0.009916949564942212
5,19,no_signature,ML-DSA-44,0.012714655189135227
5,19,no_signature,ML-DSA-65,0.017518394451124186
5,19,no_signature,ML-DSA-87,0.010200470102766479
5,19,no_signature,RSA-2048,0.021198140225185735
5,19,no_signature,SPHINCS+-SHA2-128s-simple,0.004339331832413806
5,20,no_signature,ECDSA-256,0.01955401878089852
5,20,no_signature,Falcon-padded-512,0.014747611244027514
5,20,no_signature,ML-DSA-44,0.019244877148431427
5,20,no_signature,ML-DSA-65,0.028356499645632804
5,20,no_signature,ML-DSA-87,0.013809304943266598
5,20,no_signature,RSA-2048,0.020906012282132513
5,20,no_signature,SPHINCS+-SHA2-128s-simple,0.018239200183639614
5,21,no_signature,ECDSA-256,0.010152912552888083
5,21,no_signature,Falcon-padded-512,0.013348613803188691
5,21,no_signature,ML-DSA-44,0.014160515883336389
5,21,no_signature,ML-DSA-65,0.013064379110551472
5,21,no_signature,ML-DSA-87,0.0109066433085801
5,21,no_signature,RSA-2048,0.016990375160552018
5,21,no_signature,SPHINCS+-SHA2-128s-simple,0.008194871687184524
5,22,no_signature,ECDSA-256,0.007589315275509878
5,22,no_signature,Falcon-padded-512,0.008989947312437185
5,22,no_signature,ML-DSA-44,0.01741801447773611
5,22,no_signature,ML-DSA-65,0.0271170081886144
5,22,no_signature,ML-DSA-87,0.01671096748157669
5,22,no_signature,RSA-2048,0.012684251556690673
5,22,no_signature,SPHINCS+-SHA2-128s-simple,0.006727297918293795
5,23,no_signature,ECDSA-256,0.023043620254332597
5,23,no_signature,Falcon-padded-512,0.03344238842257291
5,23,no_signature,ML-DSA-44,0.02786966115005679
5,23,no_signature,ML-DSA-65,0.016682063224918775
5,23,no_signature,ML-DSA-87,0.021020040609323387
5,23,no_signature,RSA-2048,0.015190766274798095
5,23,no_signature,SPHINCS+-SHA2-128s-simple,0.02147779697939134
5,24,no_signature,ECDSA-256,0.01301308394002082
5,24,no_signature,Falcon-padded-512,0.009209741576434893
5,24,no_signature,ML-DSA-44,0.012188216347021164
5,24,no_signature,ML-DSA-65,0.012128428654215595
5,24,no_signature,ML-DSA-87,0.010121456945475615
5,24,no_signature,RSA-2048,0.013638864812878626
5,24,no_signature,SPHINCS+-SHA2-128s-simple,0.009544553874899608
5,25,no_signature,ECDSA-256,0.016950278725927304
5,25,no_signature,Falcon-padded-512,0.010987190770717303
5,25,no_signature,ML-DSA-44,0.00882639847666078
5,25,no_signature,ML-DSA-65,0.031690380530068896
5,25,no_signature,ML-DSA-87,0.012990770111687588
5,25,no_signature,RSA-2048,0.03601642460160598
5,25,no_signature,SPHINCS+-SHA2-128s-simple,0.018649687485459976
5,26,no_signature,ECDSA-256,0.012539812521384142
5,26,no_signature,Falcon-padded-512,0.013093737364648417
5,26,no_signature,ML-DSA-44,0.012843010985045533
5,26,no_signature,ML-DSA-65,0.008175358304176594
5,26,no_signature,ML-DSA-87,0.013583085209595391
5,26,no_signature,RSA-2048,0.006752701934438887
5,26,no_signature,SPHINCS+-SHA2-128s-simple,0.015780944292383026
5,27,no_signature,ECDSA-256,0.0191083150043988
5,27,no_signature,Falcon-padded-512,0.018051598073777708
5,27,no_signature,ML-DSA-44,0.019129958860695184
5,27,no_signature,ML-DSA-65,0.021072455890143393
5,27,no_signature,ML-DSA-87,0.0245667413887255
5,27,no_signature,RSA-2048,0.01880589467265037
5,27,no_signature,SPHINCS+-SHA2-128s-simple,0.016054919917142363
5,28,no_signature,ECDSA-256,0.014141848853479855
5,28,no_signature,Falcon-padded-512,0.015497206830785593
5,28,no_signature,ML-DSA-44,0.009200689211389668
5,28,no_signature,ML-DSA-65,0.009027530143138618
5,28,no_signature,ML-DSA-87,0.007715278588526886
5,28,no_signature,RSA-2048,0.013654695804076133
5,28,no_signature,SPHINCS+-SHA2-128s-simple,0.006939350510947462
5,29,no_signature,ECDSA-256,0.011900790908653591
5,29,no_signature,Falcon-padded-512,0.012889516373989107
5,29,no_signature,ML-DSA-44,0.009486339315727454
5,29,no_signature,ML-DSA-65,0.007985338974095424
5,29,no_signature,ML-DSA-87,0.01260733670486619
5,29,no_signature,RSA-2048,0.017373144969354604
5,29,no_signature,SPHINCS+-SHA2-128s-simple,0.013263116252962615
5,30,no_signature,ECDSA-256,0.016035708772113744
5,30,no_signature,Falcon-padded-512,0.011094068571294413
5,30,no_signature,ML-DSA-44,0.005963516510136324
5,30,no_signature,ML-DSA-65,0.02509077022613862
5,30,no_signature,ML-DSA-87,0.010360594344185514
5,30,no_signature,RSA-2048,0.025257419476422516
5,30,no_signature,SPHINCS+-SHA2-128s-simple,0.013333842169103605
